file,dcom,lcom
\jfreechart-master\src/main/java/module-info.java,0.069767445,40
\jfreechart-master\src/main/java/org/jfree/chart/annotations/AbstractAnnotation.java,0.65656567,68
\jfreechart-master\src/main/java/org/jfree/chart/annotations/AbstractXYAnnotation.java,0.5860215,77
\jfreechart-master\src/main/java/org/jfree/chart/annotations/Annotation.java,0.877193,7
\jfreechart-master\src/main/java/org/jfree/chart/annotations/CategoryAnnotation.java,0.8333333,10
\jfreechart-master\src/main/java/org/jfree/chart/annotations/CategoryLineAnnotation.java,0.4923077,198
\jfreechart-master\src/main/java/org/jfree/chart/annotations/CategoryPointerAnnotation.java,0.5104167,235
\jfreechart-master\src/main/java/org/jfree/chart/annotations/CategoryTextAnnotation.java,0.5,123
\jfreechart-master\src/main/java/org/jfree/chart/annotations/package-info.java,0.75,1
\jfreechart-master\src/main/java/org/jfree/chart/annotations/TextAnnotation.java,0.56369424,137
\jfreechart-master\src/main/java/org/jfree/chart/annotations/XYAnnotation.java,0.828125,11
\jfreechart-master\src/main/java/org/jfree/chart/annotations/XYAnnotationBoundsInfo.java,0.890625,7
\jfreechart-master\src/main/java/org/jfree/chart/annotations/XYBoxAnnotation.java,0.4853801,176
\jfreechart-master\src/main/java/org/jfree/chart/annotations/XYDataImageAnnotation.java,0.52537316,159
\jfreechart-master\src/main/java/org/jfree/chart/annotations/XYDrawableAnnotation.java,0.47037038,143
\jfreechart-master\src/main/java/org/jfree/chart/annotations/XYImageAnnotation.java,0.50735295,134
\jfreechart-master\src/main/java/org/jfree/chart/annotations/XYLineAnnotation.java,0.45619336,180
\jfreechart-master\src/main/java/org/jfree/chart/annotations/XYPointerAnnotation.java,0.48987854,252
\jfreechart-master\src/main/java/org/jfree/chart/annotations/XYPolygonAnnotation.java,0.46728972,171
\jfreechart-master\src/main/java/org/jfree/chart/annotations/XYShapeAnnotation.java,0.44117647,152
\jfreechart-master\src/main/java/org/jfree/chart/annotations/XYTextAnnotation.java,0.516295,282
\jfreechart-master\src/main/java/org/jfree/chart/annotations/XYTitleAnnotation.java,0.40947077,212
\jfreechart-master\src/main/java/org/jfree/chart/api/HorizontalAlignment.java,0.875,6
\jfreechart-master\src/main/java/org/jfree/chart/api/Layer.java,0.8648649,5
\jfreechart-master\src/main/java/org/jfree/chart/api/LengthAdjustmentType.java,0.87234044,6
\jfreechart-master\src/main/java/org/jfree/chart/api/package-info.java,0.75,1
\jfreechart-master\src/main/java/org/jfree/chart/api/PublicCloneable.java,0.9056604,5
\jfreechart-master\src/main/java/org/jfree/chart/api/RectangleAlignment.java,0.375,80
\jfreechart-master\src/main/java/org/jfree/chart/api/RectangleAnchor.java,0.375,95
\jfreechart-master\src/main/java/org/jfree/chart/api/RectangleEdge.java,0.60747665,42
\jfreechart-master\src/main/java/org/jfree/chart/api/RectangleInsets.java,0.49275362,245
\jfreechart-master\src/main/java/org/jfree/chart/api/Rotation.java,0.8208955,12
\jfreechart-master\src/main/java/org/jfree/chart/api/SortOrder.java,0.8863636,5
\jfreechart-master\src/main/java/org/jfree/chart/api/TableOrder.java,0.8863636,5
\jfreechart-master\src/main/java/org/jfree/chart/api/UnitType.java,0.8863636,5
\jfreechart-master\src/main/java/org/jfree/chart/api/VerticalAlignment.java,0.875,6
\jfreechart-master\src/main/java/org/jfree/chart/api/XYCoordinateType.java,0.8867925,6
\jfreechart-master\src/main/java/org/jfree/chart/axis/Axis.java,0.48632812,789
\jfreechart-master\src/main/java/org/jfree/chart/axis/AxisCollection.java,0.61417323,49
\jfreechart-master\src/main/java/org/jfree/chart/axis/AxisLabelLocation.java,0.87234044,6
\jfreechart-master\src/main/java/org/jfree/chart/axis/AxisLocation.java,0.67901236,26
\jfreechart-master\src/main/java/org/jfree/chart/axis/AxisSpace.java,0.4473684,189
\jfreechart-master\src/main/java/org/jfree/chart/axis/AxisState.java,0.62285715,66
\jfreechart-master\src/main/java/org/jfree/chart/axis/CategoryAnchor.java,0.875,6
\jfreechart-master\src/main/java/org/jfree/chart/axis/CategoryAxis.java,0.4398148,726
\jfreechart-master\src/main/java/org/jfree/chart/axis/CategoryLabelPosition.java,0.5676856,99
\jfreechart-master\src/main/java/org/jfree/chart/axis/CategoryLabelPositions.java,0.40710384,217
\jfreechart-master\src/main/java/org/jfree/chart/axis/CategoryLabelWidthType.java,0.8888889,5
\jfreechart-master\src/main/java/org/jfree/chart/axis/CategoryTick.java,0.5833333,55
\jfreechart-master\src/main/java/org/jfree/chart/axis/CompassFormat.java,0.6571429,48
\jfreechart-master\src/main/java/org/jfree/chart/axis/CyclicNumberAxis.java,0.3769084,653
\jfreechart-master\src/main/java/org/jfree/chart/axis/DateAxis.java,0.36347306,1063
\jfreechart-master\src/main/java/org/jfree/chart/axis/DateTick.java,0.65,42
\jfreechart-master\src/main/java/org/jfree/chart/axis/DateTickMarkPosition.java,0.8867925,6
\jfreechart-master\src/main/java/org/jfree/chart/axis/DateTickUnit.java,0.5583596,140
\jfreechart-master\src/main/java/org/jfree/chart/axis/DateTickUnitType.java,0.7567568,18
\jfreechart-master\src/main/java/org/jfree/chart/axis/ExtendedCategoryAxis.java,0.53913045,106
\jfreechart-master\src/main/java/org/jfree/chart/axis/LogarithmicAxis.java,0.41009465,561
\jfreechart-master\src/main/java/org/jfree/chart/axis/LogAxis.java,0.41450778,565
\jfreechart-master\src/main/java/org/jfree/chart/axis/LogTick.java,0.8055556,14
\jfreechart-master\src/main/java/org/jfree/chart/axis/MarkerAxisBand.java,0.45041323,133
\jfreechart-master\src/main/java/org/jfree/chart/axis/ModuloAxis.java,0.459799,215
\jfreechart-master\src/main/java/org/jfree/chart/axis/MonthDateFormat.java,0.57391304,98
\jfreechart-master\src/main/java/org/jfree/chart/axis/NumberAxis.java,0.4169922,597
\jfreechart-master\src/main/java/org/jfree/chart/axis/NumberTick.java,0.77380955,19
\jfreechart-master\src/main/java/org/jfree/chart/axis/NumberTickUnit.java,0.60431653,55
\jfreechart-master\src/main/java/org/jfree/chart/axis/NumberTickUnitSource.java,0.26635513,157
\jfreechart-master\src/main/java/org/jfree/chart/axis/package-info.java,0.75,1
\jfreechart-master\src/main/java/org/jfree/chart/axis/PeriodAxis.java,0.38979962,670
\jfreechart-master\src/main/java/org/jfree/chart/axis/PeriodAxisLabelInfo.java,0.50625,158
\jfreechart-master\src/main/java/org/jfree/chart/axis/QuarterDateFormat.java,0.5423729,81
\jfreechart-master\src/main/java/org/jfree/chart/axis/StandardTickUnitSource.java,0.6722689,39
\jfreechart-master\src/main/java/org/jfree/chart/axis/SubCategoryAxis.java,0.41309825,233
\jfreechart-master\src/main/java/org/jfree/chart/axis/SymbolAxis.java,0.37885463,423
\jfreechart-master\src/main/java/org/jfree/chart/axis/Tick.java,0.58598727,65
\jfreechart-master\src/main/java/org/jfree/chart/axis/TickType.java,0.8888889,5
\jfreechart-master\src/main/java/org/jfree/chart/axis/TickUnit.java,0.61676645,64
\jfreechart-master\src/main/java/org/jfree/chart/axis/TickUnits.java,0.63076925,72
\jfreechart-master\src/main/java/org/jfree/chart/axis/TickUnitSource.java,0.9189189,6
\jfreechart-master\src/main/java/org/jfree/chart/axis/Timeline.java,0.91729325,11
\jfreechart-master\src/main/java/org/jfree/chart/axis/ValueAxis.java,0.4963887,767
\jfreechart-master\src/main/java/org/jfree/chart/axis/ValueTick.java,0.6585366,42
\jfreechart-master\src/main/java/org/jfree/chart/block/AbstractBlock.java,0.557265,259
\jfreechart-master\src/main/java/org/jfree/chart/block/Arrangement.java,0.89705884,7
\jfreechart-master\src/main/java/org/jfree/chart/block/Block.java,0.8712871,13
\jfreechart-master\src/main/java/org/jfree/chart/block/BlockBorder.java,0.52803737,101
\jfreechart-master\src/main/java/org/jfree/chart/block/BlockContainer.java,0.503937,126
\jfreechart-master\src/main/java/org/jfree/chart/block/BlockFrame.java,0.85,9
\jfreechart-master\src/main/java/org/jfree/chart/block/BlockParams.java,0.76,30
\jfreechart-master\src/main/java/org/jfree/chart/block/BlockResult.java,0.7916667,15
\jfreechart-master\src/main/java/org/jfree/chart/block/BorderArrangement.java,0.25244617,382
\jfreechart-master\src/main/java/org/jfree/chart/block/CenterArrangement.java,0.53333336,140
\jfreechart-master\src/main/java/org/jfree/chart/block/ColorBlock.java,0.5885714,72
\jfreechart-master\src/main/java/org/jfree/chart/block/ColumnArrangement.java,0.41573033,208
\jfreechart-master\src/main/java/org/jfree/chart/block/EmptyBlock.java,0.7027027,33
\jfreechart-master\src/main/java/org/jfree/chart/block/EntityBlockParams.java,0.9259259,4
\jfreechart-master\src/main/java/org/jfree/chart/block/EntityBlockResult.java,0.9056604,5
\jfreechart-master\src/main/java/org/jfree/chart/block/FlowArrangement.java,0.43065694,234
\jfreechart-master\src/main/java/org/jfree/chart/block/GridArrangement.java,0.40686274,242
\jfreechart-master\src/main/java/org/jfree/chart/block/LabelBlock.java,0.53263706,179
\jfreechart-master\src/main/java/org/jfree/chart/block/LengthConstraintType.java,0.88461536,6
\jfreechart-master\src/main/java/org/jfree/chart/block/LineBorder.java,0.44859812,118
\jfreechart-master\src/main/java/org/jfree/chart/block/package-info.java,0.75,1
\jfreechart-master\src/main/java/org/jfree/chart/block/RectangleConstraint.java,0.534375,149
\jfreechart-master\src/main/java/org/jfree/chart/block/Size2D.java,0.60402685,59
\jfreechart-master\src/main/java/org/jfree/chart/ChartColor.java,0.5302013,70
\jfreechart-master\src/main/java/org/jfree/chart/ChartElement.java,0.9166667,4
\jfreechart-master\src/main/java/org/jfree/chart/ChartElementVisitor.java,0.9148936,4
\jfreechart-master\src/main/java/org/jfree/chart/ChartFactory.java,0.46524063,1000
\jfreechart-master\src/main/java/org/jfree/chart/ChartHints.java,0.7311828,25
\jfreechart-master\src/main/java/org/jfree/chart/ChartRenderingInfo.java,0.5800866,97
\jfreechart-master\src/main/java/org/jfree/chart/ChartTheme.java,0.92156863,4
\jfreechart-master\src/main/java/org/jfree/chart/ChartTransferable.java,0.5584416,102
\jfreechart-master\src/main/java/org/jfree/chart/ChartUtils.java,0.6269841,235
\jfreechart-master\src/main/java/org/jfree/chart/date/MonthConstants.java,0.7692308,15
\jfreechart-master\src/main/java/org/jfree/chart/date/package-info.java,0.75,1
\jfreechart-master\src/main/java/org/jfree/chart/date/SerialDate.java,0.58528036,355
\jfreechart-master\src/main/java/org/jfree/chart/date/SpreadsheetDate.java,0.56790125,175
\jfreechart-master\src/main/java/org/jfree/chart/Drawable.java,0.8604651,6
\jfreechart-master\src/main/java/org/jfree/chart/encoders/EncoderUtil.java,0.7022472,53
\jfreechart-master\src/main/java/org/jfree/chart/encoders/ImageEncoder.java,0.86315787,13
\jfreechart-master\src/main/java/org/jfree/chart/encoders/ImageEncoderFactory.java,0.6363636,52
\jfreechart-master\src/main/java/org/jfree/chart/encoders/ImageFormat.java,0.88461536,6
\jfreechart-master\src/main/java/org/jfree/chart/encoders/package-info.java,0.75,1
\jfreechart-master\src/main/java/org/jfree/chart/encoders/SunJPEGEncoderAdapter.java,0.6217949,59
\jfreechart-master\src/main/java/org/jfree/chart/encoders/SunPNGEncoderAdapter.java,0.6923077,36
\jfreechart-master\src/main/java/org/jfree/chart/entity/AxisEntity.java,0.58638746,79
\jfreechart-master\src/main/java/org/jfree/chart/entity/CategoryItemEntity.java,0.62857145,65
\jfreechart-master\src/main/java/org/jfree/chart/entity/CategoryLabelEntity.java,0.61538464,45
\jfreechart-master\src/main/java/org/jfree/chart/entity/ChartEntity.java,0.51212937,181
\jfreechart-master\src/main/java/org/jfree/chart/entity/EntityCollection.java,0.86315787,13
\jfreechart-master\src/main/java/org/jfree/chart/entity/FlowEntity.java,0.63461536,38
\jfreechart-master\src/main/java/org/jfree/chart/entity/JFreeChartEntity.java,0.5842105,79
\jfreechart-master\src/main/java/org/jfree/chart/entity/LegendItemEntity.java,0.6363636,56
\jfreechart-master\src/main/java/org/jfree/chart/entity/NodeEntity.java,0.7386364,23
\jfreechart-master\src/main/java/org/jfree/chart/entity/package-info.java,0.75,1
\jfreechart-master\src/main/java/org/jfree/chart/entity/PieSectionEntity.java,0.6161137,81
\jfreechart-master\src/main/java/org/jfree/chart/entity/PlotEntity.java,0.5842105,79
\jfreechart-master\src/main/java/org/jfree/chart/entity/StandardEntityCollection.java,0.5473684,86
\jfreechart-master\src/main/java/org/jfree/chart/entity/TickLabelEntity.java,0.8245614,10
\jfreechart-master\src/main/java/org/jfree/chart/entity/TitleEntity.java,0.5842105,79
\jfreechart-master\src/main/java/org/jfree/chart/entity/XYAnnotationEntity.java,0.65346533,35
\jfreechart-master\src/main/java/org/jfree/chart/entity/XYItemEntity.java,0.63398695,56
\jfreechart-master\src/main/java/org/jfree/chart/event/AnnotationChangeEvent.java,0.7878788,14
\jfreechart-master\src/main/java/org/jfree/chart/event/AnnotationChangeListener.java,0.88,6
\jfreechart-master\src/main/java/org/jfree/chart/event/AxisChangeEvent.java,0.8064516,12
\jfreechart-master\src/main/java/org/jfree/chart/event/AxisChangeListener.java,0.90909094,5
\jfreechart-master\src/main/java/org/jfree/chart/event/ChartChangeEvent.java,0.70434785,34
\jfreechart-master\src/main/java/org/jfree/chart/event/ChartChangeEventType.java,0.87234044,6
\jfreechart-master\src/main/java/org/jfree/chart/event/ChartChangeListener.java,0.90384614,5
\jfreechart-master\src/main/java/org/jfree/chart/event/ChartProgressEvent.java,0.6956522,35
\jfreechart-master\src/main/java/org/jfree/chart/event/ChartProgressEventType.java,0.8888889,5
\jfreechart-master\src/main/java/org/jfree/chart/event/ChartProgressListener.java,0.8979592,5
\jfreechart-master\src/main/java/org/jfree/chart/event/MarkerChangeEvent.java,0.8095238,12
\jfreechart-master\src/main/java/org/jfree/chart/event/MarkerChangeListener.java,0.88,6
\jfreechart-master\src/main/java/org/jfree/chart/event/package-info.java,0.8333333,1
\jfreechart-master\src/main/java/org/jfree/chart/event/PlotChangeEvent.java,0.8125,12
\jfreechart-master\src/main/java/org/jfree/chart/event/PlotChangeListener.java,0.9,5
\jfreechart-master\src/main/java/org/jfree/chart/event/RendererChangeEvent.java,0.7816092,19
\jfreechart-master\src/main/java/org/jfree/chart/event/RendererChangeListener.java,0.8979592,5
\jfreechart-master\src/main/java/org/jfree/chart/event/TitleChangeEvent.java,0.8032787,12
\jfreechart-master\src/main/java/org/jfree/chart/event/TitleChangeListener.java,0.9,5
\jfreechart-master\src/main/java/org/jfree/chart/imagemap/DynamicDriveToolTipTagFragmentGenerator.java,0.76744187,20
\jfreechart-master\src/main/java/org/jfree/chart/imagemap/ImageMapUtils.java,0.48535565,123
\jfreechart-master\src/main/java/org/jfree/chart/imagemap/OverLIBToolTipTagFragmentGenerator.java,0.8115942,13
\jfreechart-master\src/main/java/org/jfree/chart/imagemap/package-info.java,0.75,1
\jfreechart-master\src/main/java/org/jfree/chart/imagemap/StandardToolTipTagFragmentGenerator.java,0.8153846,12
\jfreechart-master\src/main/java/org/jfree/chart/imagemap/StandardURLTagFragmentGenerator.java,0.8333333,11
\jfreechart-master\src/main/java/org/jfree/chart/imagemap/ToolTipTagFragmentGenerator.java,0.93442625,4
\jfreechart-master\src/main/java/org/jfree/chart/imagemap/URLTagFragmentGenerator.java,0.87096775,8
\jfreechart-master\src/main/java/org/jfree/chart/internal/Args.java,0.7017544,34
\jfreechart-master\src/main/java/org/jfree/chart/internal/ArrayUtils.java,0.43617022,106
\jfreechart-master\src/main/java/org/jfree/chart/internal/CloneUtils.java,0.48850575,89
\jfreechart-master\src/main/java/org/jfree/chart/internal/HashUtils.java,0.6614583,65
\jfreechart-master\src/main/java/org/jfree/chart/internal/LineUtils.java,0.4437086,84
\jfreechart-master\src/main/java/org/jfree/chart/internal/package-info.java,0.75,1
\jfreechart-master\src/main/java/org/jfree/chart/internal/PaintUtils.java,0.41791046,117
\jfreechart-master\src/main/java/org/jfree/chart/internal/SerialUtils.java,0.340694,418
\jfreechart-master\src/main/java/org/jfree/chart/internal/ShapeUtils.java,0.4642127,262
\jfreechart-master\src/main/java/org/jfree/chart/JFreeChart.java,0.48138297,780
\jfreechart-master\src/main/java/org/jfree/chart/labels/AbstractCategoryItemLabelGenerator.java,0.52797204,135
\jfreechart-master\src/main/java/org/jfree/chart/labels/AbstractPieItemLabelGenerator.java,0.5164319,103
\jfreechart-master\src/main/java/org/jfree/chart/labels/AbstractXYItemLabelGenerator.java,0.50793654,155
\jfreechart-master\src/main/java/org/jfree/chart/labels/BoxAndWhiskerToolTipGenerator.java,0.60902256,52
\jfreechart-master\src/main/java/org/jfree/chart/labels/BoxAndWhiskerXYToolTipGenerator.java,0.59859157,57
\jfreechart-master\src/main/java/org/jfree/chart/labels/BubbleXYItemLabelGenerator.java,0.5247934,115
\jfreechart-master\src/main/java/org/jfree/chart/labels/CategoryItemLabelGenerator.java,0.90909094,7
\jfreechart-master\src/main/java/org/jfree/chart/labels/CategorySeriesLabelGenerator.java,0.91071427,5
\jfreechart-master\src/main/java/org/jfree/chart/labels/CategoryToolTipGenerator.java,0.91803277,5
\jfreechart-master\src/main/java/org/jfree/chart/labels/CrosshairLabelGenerator.java,0.9,5
\jfreechart-master\src/main/java/org/jfree/chart/labels/CustomXYToolTipGenerator.java,0.5443787,77
\jfreechart-master\src/main/java/org/jfree/chart/labels/FlowLabelGenerator.java,0.8888889,6
\jfreechart-master\src/main/java/org/jfree/chart/labels/HighLowItemLabelGenerator.java,0.46464646,106
\jfreechart-master\src/main/java/org/jfree/chart/labels/IntervalCategoryItemLabelGenerator.java,0.55737704,54
\jfreechart-master\src/main/java/org/jfree/chart/labels/IntervalCategoryToolTipGenerator.java,0.5460993,64
\jfreechart-master\src/main/java/org/jfree/chart/labels/IntervalXYItemLabelGenerator.java,0.48178136,128
\jfreechart-master\src/main/java/org/jfree/chart/labels/IntervalXYToolTipGenerator.java,0.48971194,124
\jfreechart-master\src/main/java/org/jfree/chart/labels/ItemLabelAnchor.java,0.6956522,28
\jfreechart-master\src/main/java/org/jfree/chart/labels/ItemLabelPosition.java,0.5529412,76
\jfreechart-master\src/main/java/org/jfree/chart/labels/MultipleXYSeriesLabelGenerator.java,0.4716981,112
\jfreechart-master\src/main/java/org/jfree/chart/labels/package-info.java,0.75,1
\jfreechart-master\src/main/java/org/jfree/chart/labels/PieSectionLabelGenerator.java,0.87058824,11
\jfreechart-master\src/main/java/org/jfree/chart/labels/PieToolTipGenerator.java,0.9074074,5
\jfreechart-master\src/main/java/org/jfree/chart/labels/StandardCategoryItemLabelGenerator.java,0.6466165,47
\jfreechart-master\src/main/java/org/jfree/chart/labels/StandardCategorySeriesLabelGenerator.java,0.6041667,57
\jfreechart-master\src/main/java/org/jfree/chart/labels/StandardCategoryToolTipGenerator.java,0.6386555,43
\jfreechart-master\src/main/java/org/jfree/chart/labels/StandardCrosshairLabelGenerator.java,0.5839416,57
\jfreechart-master\src/main/java/org/jfree/chart/labels/StandardFlowLabelGenerator.java,0.59130436,47
\jfreechart-master\src/main/java/org/jfree/chart/labels/StandardPieSectionLabelGenerator.java,0.6304348,85
\jfreechart-master\src/main/java/org/jfree/chart/labels/StandardPieToolTipGenerator.java,0.7131783,37
\jfreechart-master\src/main/java/org/jfree/chart/labels/StandardXYItemLabelGenerator.java,0.6647399,58
\jfreechart-master\src/main/java/org/jfree/chart/labels/StandardXYSeriesLabelGenerator.java,0.615894,58
\jfreechart-master\src/main/java/org/jfree/chart/labels/StandardXYToolTipGenerator.java,0.66091955,59
\jfreechart-master\src/main/java/org/jfree/chart/labels/StandardXYZToolTipGenerator.java,0.5281385,109
\jfreechart-master\src/main/java/org/jfree/chart/labels/SymbolicXYItemLabelGenerator.java,0.55128205,70
\jfreechart-master\src/main/java/org/jfree/chart/labels/XYItemLabelGenerator.java,0.9074074,5
\jfreechart-master\src/main/java/org/jfree/chart/labels/XYSeriesLabelGenerator.java,0.9122807,5
\jfreechart-master\src/main/java/org/jfree/chart/labels/XYToolTipGenerator.java,0.9056604,5
\jfreechart-master\src/main/java/org/jfree/chart/labels/XYZToolTipGenerator.java,0.9056604,5
\jfreechart-master\src/main/java/org/jfree/chart/legend/LegendGraphic.java,0.51098096,334
\jfreechart-master\src/main/java/org/jfree/chart/legend/LegendItem.java,0.5584944,434
\jfreechart-master\src/main/java/org/jfree/chart/legend/LegendItemBlockContainer.java,0.59411764,69
\jfreechart-master\src/main/java/org/jfree/chart/legend/LegendItemCollection.java,0.6056338,56
\jfreechart-master\src/main/java/org/jfree/chart/legend/LegendItemSource.java,0.9,5
\jfreechart-master\src/main/java/org/jfree/chart/legend/LegendRenderingOrder.java,0.8888889,5
\jfreechart-master\src/main/java/org/jfree/chart/legend/LegendTitle.java,0.4376013,347
\jfreechart-master\src/main/java/org/jfree/chart/legend/package-info.java,0.75,1
\jfreechart-master\src/main/java/org/jfree/chart/legend/PaintScaleLegend.java,0.40785497,392
\jfreechart-master\src/main/java/org/jfree/chart/package-info.java,0.75,1
\jfreechart-master\src/main/java/org/jfree/chart/plot/CategoryCrosshairState.java,0.5923567,64
\jfreechart-master\src/main/java/org/jfree/chart/plot/CategoryMarker.java,0.6034483,69
\jfreechart-master\src/main/java/org/jfree/chart/plot/CategoryPlot.java,0.46606234,2415
\jfreechart-master\src/main/java/org/jfree/chart/plot/CenterTextMode.java,0.87234044,6
\jfreechart-master\src/main/java/org/jfree/chart/plot/CombinedDomainCategoryPlot.java,0.41598696,358
\jfreechart-master\src/main/java/org/jfree/chart/plot/CombinedDomainXYPlot.java,0.42691752,396
\jfreechart-master\src/main/java/org/jfree/chart/plot/CombinedRangeCategoryPlot.java,0.4038835,307
\jfreechart-master\src/main/java/org/jfree/chart/plot/CombinedRangeXYPlot.java,0.42569658,371
\jfreechart-master\src/main/java/org/jfree/chart/plot/compass/ArrowNeedle.java,0.5,78
\jfreechart-master\src/main/java/org/jfree/chart/plot/compass/CompassPlot.java,0.43556702,438
\jfreechart-master\src/main/java/org/jfree/chart/plot/compass/LineNeedle.java,0.6272727,41
\jfreechart-master\src/main/java/org/jfree/chart/plot/compass/LongNeedle.java,0.45962733,87
\jfreechart-master\src/main/java/org/jfree/chart/plot/compass/MeterNeedle.java,0.5265958,178
\jfreechart-master\src/main/java/org/jfree/chart/plot/compass/MiddlePinNeedle.java,0.5378788,61
\jfreechart-master\src/main/java/org/jfree/chart/plot/compass/package-info.java,0.75,1
\jfreechart-master\src/main/java/org/jfree/chart/plot/compass/PinNeedle.java,0.54615384,59
\jfreechart-master\src/main/java/org/jfree/chart/plot/compass/PlumNeedle.java,0.575,51
\jfreechart-master\src/main/java/org/jfree/chart/plot/compass/PointerNeedle.java,0.5,70
\jfreechart-master\src/main/java/org/jfree/chart/plot/compass/ShipNeedle.java,0.5882353,49
\jfreechart-master\src/main/java/org/jfree/chart/plot/compass/WindNeedle.java,0.58715594,45
\jfreechart-master\src/main/java/org/jfree/chart/plot/Crosshair.java,0.5578635,298
\jfreechart-master\src/main/java/org/jfree/chart/plot/CrosshairState.java,0.66358024,109
\jfreechart-master\src/main/java/org/jfree/chart/plot/DatasetRenderingOrder.java,0.9166667,5
\jfreechart-master\src/main/java/org/jfree/chart/plot/DefaultDrawingSupplier.java,0.4038877,276
\jfreechart-master\src/main/java/org/jfree/chart/plot/dial/AbstractDialLayer.java,0.6165803,74
\jfreechart-master\src/main/java/org/jfree/chart/plot/dial/ArcDialFrame.java,0.5117773,228
\jfreechart-master\src/main/java/org/jfree/chart/plot/dial/DialBackground.java,0.58677685,100
\jfreechart-master\src/main/java/org/jfree/chart/plot/dial/DialCap.java,0.5704918,131
\jfreechart-master\src/main/java/org/jfree/chart/plot/dial/DialFrame.java,0.88135594,7
\jfreechart-master\src/main/java/org/jfree/chart/plot/dial/DialLayer.java,0.8627451,14
\jfreechart-master\src/main/java/org/jfree/chart/plot/dial/DialLayerChangeEvent.java,0.8064516,12
\jfreechart-master\src/main/java/org/jfree/chart/plot/dial/DialLayerChangeListener.java,0.9019608,5
\jfreechart-master\src/main/java/org/jfree/chart/plot/dial/DialPlot.java,0.50398934,373
\jfreechart-master\src/main/java/org/jfree/chart/plot/dial/DialPointer.java,0.5035587,279
\jfreechart-master\src/main/java/org/jfree/chart/plot/dial/DialScale.java,0.9206349,5
\jfreechart-master\src/main/java/org/jfree/chart/plot/dial/DialTextAnnotation.java,0.5595568,159
\jfreechart-master\src/main/java/org/jfree/chart/plot/dial/DialValueIndicator.java,0.526087,327
\jfreechart-master\src/main/java/org/jfree/chart/plot/dial/package-info.java,0.75,1
\jfreechart-master\src/main/java/org/jfree/chart/plot/dial/StandardDialFrame.java,0.5372671,149
\jfreechart-master\src/main/java/org/jfree/chart/plot/dial/StandardDialRange.java,0.5370844,181
\jfreechart-master\src/main/java/org/jfree/chart/plot/dial/StandardDialScale.java,0.54575163,417
\jfreechart-master\src/main/java/org/jfree/chart/plot/DialShape.java,0.875,6
\jfreechart-master\src/main/java/org/jfree/chart/plot/DrawingSupplier.java,0.8636364,12
\jfreechart-master\src/main/java/org/jfree/chart/plot/FastScatterPlot.java,0.4794661,507
\jfreechart-master\src/main/java/org/jfree/chart/plot/flow/FlowPlot.java,0.397351,455
\jfreechart-master\src/main/java/org/jfree/chart/plot/flow/package-info.java,0.75,1
\jfreechart-master\src/main/java/org/jfree/chart/plot/IntervalMarker.java,0.5837563,82
\jfreechart-master\src/main/java/org/jfree/chart/plot/Marker.java,0.5555556,268
\jfreechart-master\src/main/java/org/jfree/chart/plot/MeterInterval.java,0.55050504,89
\jfreechart-master\src/main/java/org/jfree/chart/plot/MeterPlot.java,0.4471195,643
\jfreechart-master\src/main/java/org/jfree/chart/plot/package-info.java,0.75,1
\jfreechart-master\src/main/java/org/jfree/chart/plot/Pannable.java,0.8625,11
\jfreechart-master\src/main/java/org/jfree/chart/plot/pie/AbstractPieLabelDistributor.java,0.75,24
\jfreechart-master\src/main/java/org/jfree/chart/plot/pie/MultiplePiePlot.java,0.3815331,355
\jfreechart-master\src/main/java/org/jfree/chart/plot/pie/package-info.java,0.75,1
\jfreechart-master\src/main/java/org/jfree/chart/plot/pie/PieLabelDistributor.java,0.46464646,106
\jfreechart-master\src/main/java/org/jfree/chart/plot/pie/PieLabelLinkStyle.java,0.875,6
\jfreechart-master\src/main/java/org/jfree/chart/plot/pie/PieLabelRecord.java,0.5494071,114
\jfreechart-master\src/main/java/org/jfree/chart/plot/pie/PiePlot.java,0.47038686,1547
\jfreechart-master\src/main/java/org/jfree/chart/plot/pie/PiePlotState.java,0.6610879,81
\jfreechart-master\src/main/java/org/jfree/chart/plot/Plot.java,0.50265354,656
\jfreechart-master\src/main/java/org/jfree/chart/plot/PlotOrientation.java,0.83076924,11
\jfreechart-master\src/main/java/org/jfree/chart/plot/PlotRenderingInfo.java,0.5568182,117
\jfreechart-master\src/main/java/org/jfree/chart/plot/PlotState.java,0.7704918,14
\jfreechart-master\src/main/java/org/jfree/chart/plot/PolarAxisLocation.java,0.82258064,11
\jfreechart-master\src/main/java/org/jfree/chart/plot/PolarPlot.java,0.46333516,988
\jfreechart-master\src/main/java/org/jfree/chart/plot/RingPlot.java,0.47460318,331
\jfreechart-master\src/main/java/org/jfree/chart/plot/SeriesRenderingOrder.java,0.9137931,5
\jfreechart-master\src/main/java/org/jfree/chart/plot/SpiderWebPlot.java,0.47150663,677
\jfreechart-master\src/main/java/org/jfree/chart/plot/ThermometerPlot.java,0.47091413,764
\jfreechart-master\src/main/java/org/jfree/chart/plot/ValueAxisPlot.java,0.8867925,6
\jfreechart-master\src/main/java/org/jfree/chart/plot/ValueMarker.java,0.6814815,43
\jfreechart-master\src/main/java/org/jfree/chart/plot/WaferMapPlot.java,0.3907455,237
\jfreechart-master\src/main/java/org/jfree/chart/plot/XYCrosshairState.java,0.88461536,6
\jfreechart-master\src/main/java/org/jfree/chart/plot/XYPlot.java,0.45151576,2732
\jfreechart-master\src/main/java/org/jfree/chart/plot/Zoomable.java,0.8807947,18
\jfreechart-master\src/main/java/org/jfree/chart/renderer/AbstractRenderer.java,0.55479455,1235
\jfreechart-master\src/main/java/org/jfree/chart/renderer/AreaRendererEndType.java,0.8965517,6
\jfreechart-master\src/main/java/org/jfree/chart/renderer/category/AbstractCategoryItemRenderer.java,0.4001297,925
\jfreechart-master\src/main/java/org/jfree/chart/renderer/category/AreaRenderer.java,0.35785952,192
\jfreechart-master\src/main/java/org/jfree/chart/renderer/category/BarPainter.java,0.86904764,11
\jfreechart-master\src/main/java/org/jfree/chart/renderer/category/BarRenderer.java,0.43083334,683
\jfreechart-master\src/main/java/org/jfree/chart/renderer/category/BoxAndWhiskerRenderer.java,0.4110672,596
\jfreechart-master\src/main/java/org/jfree/chart/renderer/category/CategoryItemRenderer.java,0.8818624,170
\jfreechart-master\src/main/java/org/jfree/chart/renderer/category/CategoryItemRendererState.java,0.65591395,64
\jfreechart-master\src/main/java/org/jfree/chart/renderer/category/CategoryStepRenderer.java,0.46296296,174
\jfreechart-master\src/main/java/org/jfree/chart/renderer/category/DefaultCategoryItemRenderer.java,0.86538464,7
\jfreechart-master\src/main/java/org/jfree/chart/renderer/category/GanttRenderer.java,0.36756757,351
\jfreechart-master\src/main/java/org/jfree/chart/renderer/category/GradientBarPainter.java,0.3970588,205
\jfreechart-master\src/main/java/org/jfree/chart/renderer/category/GroupedStackedBarRenderer.java,0.3433735,218
\jfreechart-master\src/main/java/org/jfree/chart/renderer/category/IntervalBarRenderer.java,0.46818182,117
\jfreechart-master\src/main/java/org/jfree/chart/renderer/category/LayeredBarRenderer.java,0.32009345,291
\jfreechart-master\src/main/java/org/jfree/chart/renderer/category/LevelRenderer.java,0.44913152,222
\jfreechart-master\src/main/java/org/jfree/chart/renderer/category/LineAndShapeRenderer.java,0.5103359,379
\jfreechart-master\src/main/java/org/jfree/chart/renderer/category/MinMaxCategoryRenderer.java,0.45638946,268
\jfreechart-master\src/main/java/org/jfree/chart/renderer/category/package-info.java,0.75,1
\jfreechart-master\src/main/java/org/jfree/chart/renderer/category/ScatterRenderer.java,0.49625468,269
\jfreechart-master\src/main/java/org/jfree/chart/renderer/category/StackedAreaRenderer.java,0.35159817,284
\jfreechart-master\src/main/java/org/jfree/chart/renderer/category/StackedBarRenderer.java,0.37572256,216
\jfreechart-master\src/main/java/org/jfree/chart/renderer/category/StandardBarPainter.java,0.47524753,106
\jfreechart-master\src/main/java/org/jfree/chart/renderer/category/StatisticalBarRenderer.java,0.33976835,342
\jfreechart-master\src/main/java/org/jfree/chart/renderer/category/StatisticalLineAndShapeRenderer.java,0.3685446,269
\jfreechart-master\src/main/java/org/jfree/chart/renderer/category/WaterfallBarRenderer.java,0.3916084,261
\jfreechart-master\src/main/java/org/jfree/chart/renderer/DefaultPolarItemRenderer.java,0.42738095,481
\jfreechart-master\src/main/java/org/jfree/chart/renderer/GrayPaintScale.java,0.5960591,82
\jfreechart-master\src/main/java/org/jfree/chart/renderer/LookupPaintScale.java,0.47965115,179
\jfreechart-master\src/main/java/org/jfree/chart/renderer/NotOutlierException.java,0.8947368,6
\jfreechart-master\src/main/java/org/jfree/chart/renderer/Outlier.java,0.64285713,70
\jfreechart-master\src/main/java/org/jfree/chart/renderer/OutlierList.java,0.6858974,49
\jfreechart-master\src/main/java/org/jfree/chart/renderer/OutlierListCollection.java,0.6878981,49
\jfreechart-master\src/main/java/org/jfree/chart/renderer/package-info.java,0.75,1
\jfreechart-master\src/main/java/org/jfree/chart/renderer/PaintScale.java,0.89041096,8
\jfreechart-master\src/main/java/org/jfree/chart/renderer/PolarItemRenderer.java,0.8076923,35
\jfreechart-master\src/main/java/org/jfree/chart/renderer/RendererState.java,0.69902915,31
\jfreechart-master\src/main/java/org/jfree/chart/renderer/RendererUtils.java,0.3805668,153
\jfreechart-master\src/main/java/org/jfree/chart/renderer/WaferMapRenderer.java,0.40697673,204
\jfreechart-master\src/main/java/org/jfree/chart/renderer/xy/AbstractXYItemRenderer.java,0.3608924,974
\jfreechart-master\src/main/java/org/jfree/chart/renderer/xy/CandlestickRenderer.java,0.47555012,429
\jfreechart-master\src/main/java/org/jfree/chart/renderer/xy/ClusteredXYBarRenderer.java,0.3902439,200
\jfreechart-master\src/main/java/org/jfree/chart/renderer/xy/CyclicXYItemRenderer.java,0.43020594,249
\jfreechart-master\src/main/java/org/jfree/chart/renderer/xy/DefaultXYItemRenderer.java,0.88461536,6
\jfreechart-master\src/main/java/org/jfree/chart/renderer/xy/DeviationRenderer.java,0.50877196,168
\jfreechart-master\src/main/java/org/jfree/chart/renderer/xy/DeviationStepRenderer.java,0.38652483,173
\jfreechart-master\src/main/java/org/jfree/chart/renderer/xy/GradientXYBarPainter.java,0.36873156,214
\jfreechart-master\src/main/java/org/jfree/chart/renderer/xy/HighLowRenderer.java,0.4575893,243
\jfreechart-master\src/main/java/org/jfree/chart/renderer/xy/package-info.java,0.75,1
\jfreechart-master\src/main/java/org/jfree/chart/renderer/xy/SamplingXYLineRenderer.java,0.4894895,170
\jfreechart-master\src/main/java/org/jfree/chart/renderer/xy/StackedXYAreaRenderer.java,0.4499179,335
\jfreechart-master\src/main/java/org/jfree/chart/renderer/xy/StackedXYAreaRenderer2.java,0.34077078,325
\jfreechart-master\src/main/java/org/jfree/chart/renderer/xy/StackedXYBarRenderer.java,0.40106952,224
\jfreechart-master\src/main/java/org/jfree/chart/renderer/xy/StandardXYBarPainter.java,0.47524753,106
\jfreechart-master\src/main/java/org/jfree/chart/renderer/xy/StandardXYItemRenderer.java,0.48337027,466
\jfreechart-master\src/main/java/org/jfree/chart/renderer/xy/VectorRenderer.java,0.34076434,207
\jfreechart-master\src/main/java/org/jfree/chart/renderer/xy/WindItemRenderer.java,0.46496814,84
\jfreechart-master\src/main/java/org/jfree/chart/renderer/xy/XYAreaRenderer.java,0.403698,387
\jfreechart-master\src/main/java/org/jfree/chart/renderer/xy/XYAreaRenderer2.java,0.4030612,234
\jfreechart-master\src/main/java/org/jfree/chart/renderer/xy/XYBarPainter.java,0.8625,11
\jfreechart-master\src/main/java/org/jfree/chart/renderer/xy/XYBarRenderer.java,0.42527676,623
\jfreechart-master\src/main/java/org/jfree/chart/renderer/xy/XYBlockRenderer.java,0.46694216,258
\jfreechart-master\src/main/java/org/jfree/chart/renderer/xy/XYBoxAndWhiskerRenderer.java,0.4079127,434
\jfreechart-master\src/main/java/org/jfree/chart/renderer/xy/XYBubbleRenderer.java,0.38263667,192
\jfreechart-master\src/main/java/org/jfree/chart/renderer/xy/XYDifferenceRenderer.java,0.33017975,708
\jfreechart-master\src/main/java/org/jfree/chart/renderer/xy/XYDotRenderer.java,0.49702382,169
\jfreechart-master\src/main/java/org/jfree/chart/renderer/xy/XYErrorRenderer.java,0.486747,213
\jfreechart-master\src/main/java/org/jfree/chart/renderer/xy/XYItemRenderer.java,0.8726451,169
\jfreechart-master\src/main/java/org/jfree/chart/renderer/xy/XYItemRendererState.java,0.7967033,37
\jfreechart-master\src/main/java/org/jfree/chart/renderer/xy/XYLineAndShapeRenderer.java,0.5166976,521
\jfreechart-master\src/main/java/org/jfree/chart/renderer/xy/XYShapeRenderer.java,0.5160142,272
\jfreechart-master\src/main/java/org/jfree/chart/renderer/xy/XYSplineRenderer.java,0.44276458,258
\jfreechart-master\src/main/java/org/jfree/chart/renderer/xy/XYStepAreaRenderer.java,0.48141593,293
\jfreechart-master\src/main/java/org/jfree/chart/renderer/xy/XYStepRenderer.java,0.471519,167
\jfreechart-master\src/main/java/org/jfree/chart/renderer/xy/YIntervalRenderer.java,0.48736462,142
\jfreechart-master\src/main/java/org/jfree/chart/StandardChartTheme.java,0.42396593,947
\jfreechart-master\src/main/java/org/jfree/chart/swing/AbstractOverlay.java,0.6831683,32
\jfreechart-master\src/main/java/org/jfree/chart/swing/ApplicationFrame.java,0.69298244,35
\jfreechart-master\src/main/java/org/jfree/chart/swing/ChartFrame.java,0.6987952,25
\jfreechart-master\src/main/java/org/jfree/chart/swing/ChartMouseEvent.java,0.7083333,28
\jfreechart-master\src/main/java/org/jfree/chart/swing/ChartMouseListener.java,0.88135594,7
\jfreechart-master\src/main/java/org/jfree/chart/swing/ChartPanel.java,0.42727274,1575
\jfreechart-master\src/main/java/org/jfree/chart/swing/CrosshairOverlay.java,0.29805997,398
\jfreechart-master\src/main/java/org/jfree/chart/swing/DefaultSelectionZoomStrategy.java,0.34728032,156
\jfreechart-master\src/main/java/org/jfree/chart/swing/editor/ChartEditor.java,0.88461536,6
\jfreechart-master\src/main/java/org/jfree/chart/swing/editor/ChartEditorFactory.java,0.9,5
\jfreechart-master\src/main/java/org/jfree/chart/swing/editor/ChartEditorManager.java,0.7777778,18
\jfreechart-master\src/main/java/org/jfree/chart/swing/editor/DefaultAxisEditor.java,0.5011287,221
\jfreechart-master\src/main/java/org/jfree/chart/swing/editor/DefaultChartEditor.java,0.38626608,143
\jfreechart-master\src/main/java/org/jfree/chart/swing/editor/DefaultChartEditorFactory.java,0.82758623,10
\jfreechart-master\src/main/java/org/jfree/chart/swing/editor/DefaultLogAxisEditor.java,0.44594595,82
\jfreechart-master\src/main/java/org/jfree/chart/swing/editor/DefaultNumberAxisEditor.java,0.3576159,97
\jfreechart-master\src/main/java/org/jfree/chart/swing/editor/DefaultPlotEditor.java,0.3493761,365
\jfreechart-master\src/main/java/org/jfree/chart/swing/editor/DefaultPolarPlotEditor.java,0.4117647,110
\jfreechart-master\src/main/java/org/jfree/chart/swing/editor/DefaultTitleEditor.java,0.38735178,155
\jfreechart-master\src/main/java/org/jfree/chart/swing/editor/DefaultValueAxisEditor.java,0.3841962,226
\jfreechart-master\src/main/java/org/jfree/chart/swing/editor/FontChooserPanel.java,0.3791209,113
\jfreechart-master\src/main/java/org/jfree/chart/swing/editor/FontDisplayField.java,0.6627907,29
\jfreechart-master\src/main/java/org/jfree/chart/swing/editor/LCBLayout.java,0.37711865,147
\jfreechart-master\src/main/java/org/jfree/chart/swing/editor/package-info.java,0.75,1
\jfreechart-master\src/main/java/org/jfree/chart/swing/editor/PaintSample.java,0.57,43
\jfreechart-master\src/main/java/org/jfree/chart/swing/editor/StrokeChooserPanel.java,0.6385542,30
\jfreechart-master\src/main/java/org/jfree/chart/swing/editor/StrokeSample.java,0.5068493,72
\jfreechart-master\src/main/java/org/jfree/chart/swing/MouseWheelHandler.java,0.5323741,65
\jfreechart-master\src/main/java/org/jfree/chart/swing/NumberCellRenderer.java,0.61538464,30
\jfreechart-master\src/main/java/org/jfree/chart/swing/Overlay.java,0.9102564,7
\jfreechart-master\src/main/java/org/jfree/chart/swing/OverlayChangeEvent.java,0.86,7
\jfreechart-master\src/main/java/org/jfree/chart/swing/OverlayChangeListener.java,0.8958333,5
\jfreechart-master\src/main/java/org/jfree/chart/swing/package-info.java,0.75,1
\jfreechart-master\src/main/java/org/jfree/chart/swing/PolarChartPanel.java,0.4604651,116
\jfreechart-master\src/main/java/org/jfree/chart/swing/SelectionZoomStrategy.java,0.85,24
\jfreechart-master\src/main/java/org/jfree/chart/swing/UIUtils.java,0.53038675,85
\jfreechart-master\src/main/java/org/jfree/chart/text/AttributedStringUtils.java,0.5113636,43
\jfreechart-master\src/main/java/org/jfree/chart/text/format/HexNumberFormat.java,0.6617647,46
\jfreechart-master\src/main/java/org/jfree/chart/text/format/HMSNumberFormat.java,0.6952381,32
\jfreechart-master\src/main/java/org/jfree/chart/text/format/LogFormat.java,0.5585586,98
\jfreechart-master\src/main/java/org/jfree/chart/text/format/package-info.java,0.75,1
\jfreechart-master\src/main/java/org/jfree/chart/text/format/RelativeDateFormat.java,0.54291415,229
\jfreechart-master\src/main/java/org/jfree/chart/text/G2TextMeasurer.java,0.71428573,18
\jfreechart-master\src/main/java/org/jfree/chart/text/package-info.java,0.75,1
\jfreechart-master\src/main/java/org/jfree/chart/text/TextAnchor.java,0.64827585,51
\jfreechart-master\src/main/java/org/jfree/chart/text/TextBlock.java,0.49632353,137
\jfreechart-master\src/main/java/org/jfree/chart/text/TextBlockAnchor.java,0.7818182,12
\jfreechart-master\src/main/java/org/jfree/chart/text/TextBox.java,0.46031746,204
\jfreechart-master\src/main/java/org/jfree/chart/text/TextFragment.java,0.5298507,126
\jfreechart-master\src/main/java/org/jfree/chart/text/TextLine.java,0.5135135,108
\jfreechart-master\src/main/java/org/jfree/chart/text/TextMeasurer.java,0.90909094,4
\jfreechart-master\src/main/java/org/jfree/chart/text/TextUtils.java,0.43776825,393
\jfreechart-master\src/main/java/org/jfree/chart/title/CompositeTitle.java,0.5650224,97
\jfreechart-master\src/main/java/org/jfree/chart/title/DateTitle.java,0.75974023,37
\jfreechart-master\src/main/java/org/jfree/chart/title/ImageTitle.java,0.46666667,176
\jfreechart-master\src/main/java/org/jfree/chart/title/package-info.java,0.75,1
\jfreechart-master\src/main/java/org/jfree/chart/title/ShortTextTitle.java,0.46636772,119
\jfreechart-master\src/main/java/org/jfree/chart/title/TextTitle.java,0.41375,469
\jfreechart-master\src/main/java/org/jfree/chart/title/Title.java,0.54545456,180
\jfreechart-master\src/main/java/org/jfree/chart/urls/CategoryURLGenerator.java,0.91780823,6
\jfreechart-master\src/main/java/org/jfree/chart/urls/CustomCategoryURLGenerator.java,0.5083799,88
\jfreechart-master\src/main/java/org/jfree/chart/urls/CustomPieURLGenerator.java,0.53431374,95
\jfreechart-master\src/main/java/org/jfree/chart/urls/CustomXYURLGenerator.java,0.5388601,89
\jfreechart-master\src/main/java/org/jfree/chart/urls/package-info.java,0.75,1
\jfreechart-master\src/main/java/org/jfree/chart/urls/PieURLGenerator.java,0.921875,5
\jfreechart-master\src/main/java/org/jfree/chart/urls/StandardCategoryURLGenerator.java,0.51955307,86
\jfreechart-master\src/main/java/org/jfree/chart/urls/StandardPieURLGenerator.java,0.53642386,70
\jfreechart-master\src/main/java/org/jfree/chart/urls/StandardXYURLGenerator.java,0.5857143,58
\jfreechart-master\src/main/java/org/jfree/chart/urls/StandardXYZURLGenerator.java,0.85,9
\jfreechart-master\src/main/java/org/jfree/chart/urls/TimeSeriesURLGenerator.java,0.5081967,90
\jfreechart-master\src/main/java/org/jfree/chart/urls/XYURLGenerator.java,0.92424244,5
\jfreechart-master\src/main/java/org/jfree/chart/urls/XYZURLGenerator.java,0.91803277,5
\jfreechart-master\src/main/java/org/jfree/chart/util/AttrStringUtils.java,0.39130434,182
\jfreechart-master\src/main/java/org/jfree/chart/util/DefaultShadowGenerator.java,0.44366196,158
\jfreechart-master\src/main/java/org/jfree/chart/util/DirectionalGradientPaintTransformer.java,0.616,48
\jfreechart-master\src/main/java/org/jfree/chart/util/ExportUtils.java,0.46919432,112
\jfreechart-master\src/main/java/org/jfree/chart/util/GradientPaintTransformer.java,0.87234044,6
\jfreechart-master\src/main/java/org/jfree/chart/util/GradientPaintTransformType.java,0.825,7
\jfreechart-master\src/main/java/org/jfree/chart/util/package-info.java,0.75,1
\jfreechart-master\src/main/java/org/jfree/chart/util/PaintAlpha.java,0.65915495,121
\jfreechart-master\src/main/java/org/jfree/chart/util/ShadowGenerator.java,0.89705884,7
\jfreechart-master\src/main/java/org/jfree/chart/util/StandardGradientPaintTransformer.java,0.49358973,79
\jfreechart-master\src/main/java/org/jfree/chart/util/StringUtils.java,0.7126437,25
\jfreechart-master\src/main/java/org/jfree/data/category/CategoryDataset.java,0.9076923,6
\jfreechart-master\src/main/java/org/jfree/data/category/CategoryRangeInfo.java,0.88709676,7
\jfreechart-master\src/main/java/org/jfree/data/category/CategoryToPieDataset.java,0.48675495,155
\jfreechart-master\src/main/java/org/jfree/data/category/DefaultCategoryDataset.java,0.6456311,146
\jfreechart-master\src/main/java/org/jfree/data/category/DefaultIntervalCategoryDataset.java,0.48787063,380
\jfreechart-master\src/main/java/org/jfree/data/category/IntervalCategoryDataset.java,0.90804595,8
\jfreechart-master\src/main/java/org/jfree/data/category/SlidingCategoryDataset.java,0.5632184,152
\jfreechart-master\src/main/java/org/jfree/data/ComparableObjectItem.java,0.63398695,56
\jfreechart-master\src/main/java/org/jfree/data/ComparableObjectSeries.java,0.5093897,209
\jfreechart-master\src/main/java/org/jfree/data/DataUtils.java,0.48987854,126
\jfreechart-master\src/main/java/org/jfree/data/DefaultKeyedValue.java,0.62416106,56
\jfreechart-master\src/main/java/org/jfree/data/DefaultKeyedValues.java,0.5084746,203
\jfreechart-master\src/main/java/org/jfree/data/DefaultKeyedValues2D.java,0.49704143,255
\jfreechart-master\src/main/java/org/jfree/data/DomainInfo.java,0.9189189,6
\jfreechart-master\src/main/java/org/jfree/data/DomainOrder.java,0.87234044,6
\jfreechart-master\src/main/java/org/jfree/data/flow/DefaultFlowDataset.java,0.48285714,181
\jfreechart-master\src/main/java/org/jfree/data/flow/FlowDataset.java,0.88617885,14
\jfreechart-master\src/main/java/org/jfree/data/flow/FlowDatasetUtils.java,0.52061856,93
\jfreechart-master\src/main/java/org/jfree/data/flow/FlowKey.java,0.5769231,66
\jfreechart-master\src/main/java/org/jfree/data/flow/NodeKey.java,0.6,56
\jfreechart-master\src/main/java/org/jfree/data/flow/package-info.java,0.75,1
\jfreechart-master\src/main/java/org/jfree/data/function/Function2D.java,0.9259259,4
\jfreechart-master\src/main/java/org/jfree/data/function/LineFunction2D.java,0.6528926,42
\jfreechart-master\src/main/java/org/jfree/data/function/NormalDistributionFunction2D.java,0.6124031,50
\jfreechart-master\src/main/java/org/jfree/data/function/PolynomialFunction2D.java,0.6752137,38
\jfreechart-master\src/main/java/org/jfree/data/function/PowerFunction2D.java,0.6528926,42
\jfreechart-master\src/main/java/org/jfree/data/gantt/GanttCategoryDataset.java,0.90625,15
\jfreechart-master\src/main/java/org/jfree/data/gantt/SlidingGanttCategoryDataset.java,0.541329,283
\jfreechart-master\src/main/java/org/jfree/data/gantt/Task.java,0.5720524,98
\jfreechart-master\src/main/java/org/jfree/data/gantt/TaskSeries.java,0.5706522,79
\jfreechart-master\src/main/java/org/jfree/data/gantt/TaskSeriesCollection.java,0.5007899,316
\jfreechart-master\src/main/java/org/jfree/data/gantt/XYTaskDataset.java,0.5438202,203
\jfreechart-master\src/main/java/org/jfree/data/general/AbstractDataset.java,0.68325794,70
\jfreechart-master\src/main/java/org/jfree/data/general/AbstractSeriesDataset.java,0.72,28
\jfreechart-master\src/main/java/org/jfree/data/general/Dataset.java,0.9122807,5
\jfreechart-master\src/main/java/org/jfree/data/general/DatasetChangeEvent.java,0.8625,11
\jfreechart-master\src/main/java/org/jfree/data/general/DatasetChangeListener.java,0.9122807,5
\jfreechart-master\src/main/java/org/jfree/data/general/DatasetUtils.java,0.37274292,1459
\jfreechart-master\src/main/java/org/jfree/data/general/DefaultHeatMapDataset.java,0.55700326,136
\jfreechart-master\src/main/java/org/jfree/data/general/DefaultKeyedValueDataset.java,0.5690608,78
\jfreechart-master\src/main/java/org/jfree/data/general/DefaultKeyedValues2DDataset.java,0.8596491,8
\jfreechart-master\src/main/java/org/jfree/data/general/DefaultKeyedValuesDataset.java,0.8913044,5
\jfreechart-master\src/main/java/org/jfree/data/general/DefaultPieDataset.java,0.60681117,127
\jfreechart-master\src/main/java/org/jfree/data/general/DefaultValueDataset.java,0.671875,42
\jfreechart-master\src/main/java/org/jfree/data/general/HeatMapDataset.java,0.9078014,13
\jfreechart-master\src/main/java/org/jfree/data/general/HeatMapUtils.java,0.57983196,50
\jfreechart-master\src/main/java/org/jfree/data/general/KeyedValueDataset.java,0.9148936,4
\jfreechart-master\src/main/java/org/jfree/data/general/KeyedValues2DDataset.java,0.9148936,4
\jfreechart-master\src/main/java/org/jfree/data/general/KeyedValuesDataset.java,0.90697676,4
\jfreechart-master\src/main/java/org/jfree/data/general/PieDataset.java,0.8979592,5
\jfreechart-master\src/main/java/org/jfree/data/general/Series.java,0.64253396,79
\jfreechart-master\src/main/java/org/jfree/data/general/SeriesChangeEvent.java,0.8448276,9
\jfreechart-master\src/main/java/org/jfree/data/general/SeriesChangeListener.java,0.9074074,5
\jfreechart-master\src/main/java/org/jfree/data/general/SeriesDataset.java,0.85897434,11
\jfreechart-master\src/main/java/org/jfree/data/general/SeriesException.java,0.86206895,8
\jfreechart-master\src/main/java/org/jfree/data/general/ValueDataset.java,0.9148936,4
\jfreechart-master\src/main/java/org/jfree/data/general/WaferMapDataset.java,0.6007326,109
\jfreechart-master\src/main/java/org/jfree/data/io/CSV.java,0.48387095,96
\jfreechart-master\src/main/java/org/jfree/data/ItemKey.java,0.9148936,4
\jfreechart-master\src/main/java/org/jfree/data/json/impl/JSONArray.java,0.5,72
\jfreechart-master\src/main/java/org/jfree/data/json/impl/JSONAware.java,0.902439,4
\jfreechart-master\src/main/java/org/jfree/data/json/impl/JSONObject.java,0.51428574,85
\jfreechart-master\src/main/java/org/jfree/data/json/impl/JSONStreamAware.java,0.8695652,6
\jfreechart-master\src/main/java/org/jfree/data/json/impl/JSONValue.java,0.50318474,156
\jfreechart-master\src/main/java/org/jfree/data/json/impl/package-info.java,0.75,1
\jfreechart-master\src/main/java/org/jfree/data/json/JSONUtils.java,0.45454547,102
\jfreechart-master\src/main/java/org/jfree/data/json/package-info.java,0.75,1
\jfreechart-master\src/main/java/org/jfree/data/KeyedObject.java,0.58518517,56
\jfreechart-master\src/main/java/org/jfree/data/KeyedObjects.java,0.52698416,149
\jfreechart-master\src/main/java/org/jfree/data/KeyedObjects2D.java,0.47186148,244
\jfreechart-master\src/main/java/org/jfree/data/KeyedValue.java,0.92,4
\jfreechart-master\src/main/java/org/jfree/data/KeyedValueComparator.java,0.4437086,84
\jfreechart-master\src/main/java/org/jfree/data/KeyedValueComparatorType.java,0.90384614,5
\jfreechart-master\src/main/java/org/jfree/data/KeyedValues.java,0.9101124,8
\jfreechart-master\src/main/java/org/jfree/data/KeyedValues2D.java,0.88349515,12
\jfreechart-master\src/main/java/org/jfree/data/KeyedValues2DItemKey.java,0.4893617,72
\jfreechart-master\src/main/java/org/jfree/data/KeyedValuesItemKey.java,0.5420561,49
\jfreechart-master\src/main/java/org/jfree/data/KeyToGroupMap.java,0.43554008,162
\jfreechart-master\src/main/java/org/jfree/data/Range.java,0.5377358,196
\jfreechart-master\src/main/java/org/jfree/data/RangeInfo.java,0.9142857,6
\jfreechart-master\src/main/java/org/jfree/data/RangeType.java,0.8867925,6
\jfreechart-master\src/main/java/org/jfree/data/resources/DataPackageResources.java,0.8064516,12
\jfreechart-master\src/main/java/org/jfree/data/resources/DataPackageResources_de.java,0.8064516,12
\jfreechart-master\src/main/java/org/jfree/data/resources/DataPackageResources_es.java,0.8064516,12
\jfreechart-master\src/main/java/org/jfree/data/resources/DataPackageResources_fr.java,0.8032787,12
\jfreechart-master\src/main/java/org/jfree/data/resources/DataPackageResources_pl.java,0.8095238,12
\jfreechart-master\src/main/java/org/jfree/data/resources/DataPackageResources_ru.java,0.7966102,12
\jfreechart-master\src/main/java/org/jfree/data/statistics/BoxAndWhiskerCalculator.java,0.44723618,110
\jfreechart-master\src/main/java/org/jfree/data/statistics/BoxAndWhiskerCategoryDataset.java,0.88990825,24
\jfreechart-master\src/main/java/org/jfree/data/statistics/BoxAndWhiskerItem.java,0.5247148,125
\jfreechart-master\src/main/java/org/jfree/data/statistics/BoxAndWhiskerXYDataset.java,0.8969697,17
\jfreechart-master\src/main/java/org/jfree/data/statistics/DefaultBoxAndWhiskerCategoryDataset.java,0.52589184,412
\jfreechart-master\src/main/java/org/jfree/data/statistics/DefaultBoxAndWhiskerXYDataset.java,0.543021,239
\jfreechart-master\src/main/java/org/jfree/data/statistics/DefaultMultiValueCategoryDataset.java,0.48421052,196
\jfreechart-master\src/main/java/org/jfree/data/statistics/DefaultStatisticalCategoryDataset.java,0.46929824,363
\jfreechart-master\src/main/java/org/jfree/data/statistics/HistogramBin.java,0.6025641,62
\jfreechart-master\src/main/java/org/jfree/data/statistics/HistogramDataset.java,0.5419355,213
\jfreechart-master\src/main/java/org/jfree/data/statistics/HistogramType.java,0.88461536,6
\jfreechart-master\src/main/java/org/jfree/data/statistics/MeanAndStandardDeviation.java,0.60365856,65
\jfreechart-master\src/main/java/org/jfree/data/statistics/MultiValueCategoryDataset.java,0.8787879,8
\jfreechart-master\src/main/java/org/jfree/data/statistics/Regression.java,0.3242424,223
\jfreechart-master\src/main/java/org/jfree/data/statistics/SimpleHistogramBin.java,0.4980695,130
\jfreechart-master\src/main/java/org/jfree/data/statistics/SimpleHistogramDataset.java,0.5840708,188
\jfreechart-master\src/main/java/org/jfree/data/statistics/StatisticalCategoryDataset.java,0.8875,9
\jfreechart-master\src/main/java/org/jfree/data/statistics/Statistics.java,0.44285715,234
\jfreechart-master\src/main/java/org/jfree/data/time/DateRange.java,0.70068026,44
\jfreechart-master\src/main/java/org/jfree/data/time/Day.java,0.570115,187
\jfreechart-master\src/main/java/org/jfree/data/time/DynamicTimeSeriesCollection.java,0.5313954,403
\jfreechart-master\src/main/java/org/jfree/data/time/FixedMillisecond.java,0.5730769,111
\jfreechart-master\src/main/java/org/jfree/data/time/Hour.java,0.55530477,197
\jfreechart-master\src/main/java/org/jfree/data/time/Millisecond.java,0.5291262,194
\jfreechart-master\src/main/java/org/jfree/data/time/Minute.java,0.5379464,207
\jfreechart-master\src/main/java/org/jfree/data/time/Month.java,0.51717174,239
\jfreechart-master\src/main/java/org/jfree/data/time/MovingAverage.java,0.44256756,165
\jfreechart-master\src/main/java/org/jfree/data/time/ohlc/OHLC.java,0.5902778,59
\jfreechart-master\src/main/java/org/jfree/data/time/ohlc/OHLCItem.java,0.60465115,51
\jfreechart-master\src/main/java/org/jfree/data/time/ohlc/OHLCSeries.java,0.7007874,38
\jfreechart-master\src/main/java/org/jfree/data/time/ohlc/OHLCSeriesCollection.java,0.58810574,187
\jfreechart-master\src/main/java/org/jfree/data/time/Quarter.java,0.55,198
\jfreechart-master\src/main/java/org/jfree/data/time/RegularTimePeriod.java,0.69529086,110
\jfreechart-master\src/main/java/org/jfree/data/time/Second.java,0.53333336,196
\jfreechart-master\src/main/java/org/jfree/data/time/SimpleTimePeriod.java,0.5472637,91
\jfreechart-master\src/main/java/org/jfree/data/time/TimePeriod.java,0.8947368,6
\jfreechart-master\src/main/java/org/jfree/data/time/TimePeriodAnchor.java,0.875,6
\jfreechart-master\src/main/java/org/jfree/data/time/TimePeriodFormatException.java,0.877551,6
\jfreechart-master\src/main/java/org/jfree/data/time/TimePeriodValue.java,0.60714287,66
\jfreechart-master\src/main/java/org/jfree/data/time/TimePeriodValues.java,0.48,221
\jfreechart-master\src/main/java/org/jfree/data/time/TimePeriodValuesCollection.java,0.49635038,207
\jfreechart-master\src/main/java/org/jfree/data/time/TimeSeries.java,0.48293516,606
\jfreechart-master\src/main/java/org/jfree/data/time/TimeSeriesCollection.java,0.51282054,323
\jfreechart-master\src/main/java/org/jfree/data/time/TimeSeriesDataItem.java,0.6526316,66
\jfreechart-master\src/main/java/org/jfree/data/time/TimeSeriesTableModel.java,0.47083333,127
\jfreechart-master\src/main/java/org/jfree/data/time/TimeTableXYDataset.java,0.5900178,230
\jfreechart-master\src/main/java/org/jfree/data/time/Week.java,0.49243698,302
\jfreechart-master\src/main/java/org/jfree/data/time/Year.java,0.6168478,141
\jfreechart-master\src/main/java/org/jfree/data/UnknownKeyException.java,0.8867925,6
\jfreechart-master\src/main/java/org/jfree/data/Value.java,0.9230769,4
\jfreechart-master\src/main/java/org/jfree/data/Values.java,0.91525424,5
\jfreechart-master\src/main/java/org/jfree/data/Values2D.java,0.9130435,6
\jfreechart-master\src/main/java/org/jfree/data/xml/CategoryDatasetHandler.java,0.60330576,48
\jfreechart-master\src/main/java/org/jfree/data/xml/CategorySeriesHandler.java,0.58208954,56
\jfreechart-master\src/main/java/org/jfree/data/xml/DatasetReader.java,0.54037267,74
\jfreechart-master\src/main/java/org/jfree/data/xml/DatasetTags.java,0.84210527,9
\jfreechart-master\src/main/java/org/jfree/data/xml/ItemHandler.java,0.589404,62
\jfreechart-master\src/main/java/org/jfree/data/xml/KeyHandler.java,0.6241135,53
\jfreechart-master\src/main/java/org/jfree/data/xml/PieDatasetHandler.java,0.6280992,45
\jfreechart-master\src/main/java/org/jfree/data/xml/RootHandler.java,0.65789473,39
\jfreechart-master\src/main/java/org/jfree/data/xml/ValueHandler.java,0.59183675,60
\jfreechart-master\src/main/java/org/jfree/data/xy/AbstractIntervalXYDataset.java,0.6465517,41
\jfreechart-master\src/main/java/org/jfree/data/xy/AbstractXYDataset.java,0.6888889,28
\jfreechart-master\src/main/java/org/jfree/data/xy/AbstractXYZDataset.java,0.78333336,13
\jfreechart-master\src/main/java/org/jfree/data/xy/CategoryTableXYDataset.java,0.62663186,143
\jfreechart-master\src/main/java/org/jfree/data/xy/DefaultHighLowDataset.java,0.6105528,155
\jfreechart-master\src/main/java/org/jfree/data/xy/DefaultIntervalXYDataset.java,0.6247619,197
\jfreechart-master\src/main/java/org/jfree/data/xy/DefaultOHLCDataset.java,0.6,128
\jfreechart-master\src/main/java/org/jfree/data/xy/DefaultTableXYDataset.java,0.49656358,293
\jfreechart-master\src/main/java/org/jfree/data/xy/DefaultWindDataset.java,0.52791876,186
\jfreechart-master\src/main/java/org/jfree/data/xy/DefaultXYDataset.java,0.58774376,148
\jfreechart-master\src/main/java/org/jfree/data/xy/DefaultXYZDataset.java,0.6069652,158
\jfreechart-master\src/main/java/org/jfree/data/xy/IntervalXYDataset.java,0.919708,11
\jfreechart-master\src/main/java/org/jfree/data/xy/IntervalXYDelegate.java,0.58715594,180
\jfreechart-master\src/main/java/org/jfree/data/xy/IntervalXYZDataset.java,0.8969072,10
\jfreechart-master\src/main/java/org/jfree/data/xy/MatrixSeries.java,0.625,75
\jfreechart-master\src/main/java/org/jfree/data/xy/MatrixSeriesCollection.java,0.60294116,108
\jfreechart-master\src/main/java/org/jfree/data/xy/NormalizedMatrixSeries.java,0.73282444,35
\jfreechart-master\src/main/java/org/jfree/data/xy/OHLCDataItem.java,0.5769231,77
\jfreechart-master\src/main/java/org/jfree/data/xy/OHLCDataset.java,0.9127517,13
\jfreechart-master\src/main/java/org/jfree/data/xy/TableXYDataset.java,0.9298246,4
\jfreechart-master\src/main/java/org/jfree/data/xy/Vector.java,0.64444447,48
\jfreechart-master\src/main/java/org/jfree/data/xy/VectorDataItem.java,0.6923077,36
\jfreechart-master\src/main/java/org/jfree/data/xy/VectorSeries.java,0.72839504,44
\jfreechart-master\src/main/java/org/jfree/data/xy/VectorSeriesCollection.java,0.62046206,115
\jfreechart-master\src/main/java/org/jfree/data/xy/VectorXYDataset.java,0.91780823,6
\jfreechart-master\src/main/java/org/jfree/data/xy/WindDataset.java,0.92537314,5
\jfreechart-master\src/main/java/org/jfree/data/xy/XIntervalDataItem.java,0.6730769,34
\jfreechart-master\src/main/java/org/jfree/data/xy/XIntervalSeries.java,0.75308645,40
\jfreechart-master\src/main/java/org/jfree/data/xy/XIntervalSeriesCollection.java,0.6111111,140
\jfreechart-master\src/main/java/org/jfree/data/xy/XisSymbolic.java,0.9166667,6
\jfreechart-master\src/main/java/org/jfree/data/xy/XYBarDataset.java,0.64788735,125
\jfreechart-master\src/main/java/org/jfree/data/xy/XYCoordinate.java,0.5419355,71
\jfreechart-master\src/main/java/org/jfree/data/xy/XYDataItem.java,0.5810811,93
\jfreechart-master\src/main/java/org/jfree/data/xy/XYDataset.java,0.8981481,11
\jfreechart-master\src/main/java/org/jfree/data/xy/XYDatasetTableModel.java,0.69709545,73
\jfreechart-master\src/main/java/org/jfree/data/xy/XYDomainInfo.java,0.8909091,6
\jfreechart-master\src/main/java/org/jfree/data/xy/XYInterval.java,0.5944056,58
\jfreechart-master\src/main/java/org/jfree/data/xy/XYIntervalDataItem.java,0.58208954,56
\jfreechart-master\src/main/java/org/jfree/data/xy/XYIntervalSeries.java,0.7407407,49
\jfreechart-master\src/main/java/org/jfree/data/xy/XYIntervalSeriesCollection.java,0.6302521,132
\jfreechart-master\src/main/java/org/jfree/data/xy/XYItemKey.java,0.49275362,70
\jfreechart-master\src/main/java/org/jfree/data/xy/XYRangeInfo.java,0.89285713,6
\jfreechart-master\src/main/java/org/jfree/data/xy/XYSeries.java,0.5235426,425
\jfreechart-master\src/main/java/org/jfree/data/xy/XYSeriesCollection.java,0.4759887,371
\jfreechart-master\src/main/java/org/jfree/data/xy/XYZDataset.java,0.9166667,5
\jfreechart-master\src/main/java/org/jfree/data/xy/YInterval.java,0.6339286,41
\jfreechart-master\src/main/java/org/jfree/data/xy/YIntervalDataItem.java,0.6407767,37
\jfreechart-master\src/main/java/org/jfree/data/xy/YIntervalSeries.java,0.76073617,39
\jfreechart-master\src/main/java/org/jfree/data/xy/YIntervalSeriesCollection.java,0.6199377,122
\jfreechart-master\src/main/java/org/jfree/data/xy/YisSymbolic.java,0.91780823,6
\jfreechart-master\src/main/java/org/jfree/data/xy/YWithXInterval.java,0.6465517,41
\jfreechart-master\src/test/java/org/jfree/chart/annotations/CategoryLineAnnotationTest.java,0.3554217,107
\jfreechart-master\src/test/java/org/jfree/chart/annotations/CategoryPointerAnnotationTest.java,0.38853502,96
\jfreechart-master\src/test/java/org/jfree/chart/annotations/CategoryTextAnnotationTest.java,0.47863248,61
\jfreechart-master\src/test/java/org/jfree/chart/annotations/TextAnnotationTest.java,0.42857143,92
\jfreechart-master\src/test/java/org/jfree/chart/annotations/XYBoxAnnotationTest.java,0.34158415,133
\jfreechart-master\src/test/java/org/jfree/chart/annotations/XYDrawableAnnotationTest.java,0.4180791,103
\jfreechart-master\src/test/java/org/jfree/chart/annotations/XYImageAnnotationTest.java,0.9736842,3
\jfreechart-master\src/test/java/org/jfree/chart/annotations/XYLineAnnotationTest.java,0.29281768,128
\jfreechart-master\src/test/java/org/jfree/chart/annotations/XYPointerAnnotationTest.java,0.38853502,96
\jfreechart-master\src/test/java/org/jfree/chart/annotations/XYPolygonAnnotationTest.java,0.37241378,91
\jfreechart-master\src/test/java/org/jfree/chart/annotations/XYShapeAnnotationTest.java,0.36305732,100
\jfreechart-master\src/test/java/org/jfree/chart/annotations/XYTextAnnotationTest.java,0.378882,100
\jfreechart-master\src/test/java/org/jfree/chart/annotations/XYTitleAnnotationTest.java,0.42957747,81
\jfreechart-master\src/test/java/org/jfree/chart/api/RectangleAlignmentTest.java,0.47126436,46
\jfreechart-master\src/test/java/org/jfree/chart/AreaChartTest.java,0.4251497,96
\jfreechart-master\src/test/java/org/jfree/chart/axis/AxisLocationTest.java,0.5949367,32
\jfreechart-master\src/test/java/org/jfree/chart/axis/AxisSpaceTest.java,0.5416667,44
\jfreechart-master\src/test/java/org/jfree/chart/axis/AxisTest.java,0.30084747,165
\jfreechart-master\src/test/java/org/jfree/chart/axis/CategoryAnchorTest.java,0.6103896,30
\jfreechart-master\src/test/java/org/jfree/chart/axis/CategoryAxisTest.java,0.38418078,109
\jfreechart-master\src/test/java/org/jfree/chart/axis/CategoryLabelPositionsTest.java,0.29192546,114
\jfreechart-master\src/test/java/org/jfree/chart/axis/CategoryLabelPositionTest.java,0.3560606,85
\jfreechart-master\src/test/java/org/jfree/chart/axis/CategoryLabelWidthTypeTest.java,0.6184211,29
\jfreechart-master\src/test/java/org/jfree/chart/axis/CategoryTickTest.java,0.39370078,77
\jfreechart-master\src/test/java/org/jfree/chart/axis/CyclicNumberAxisTest.java,0.45901638,66
\jfreechart-master\src/test/java/org/jfree/chart/axis/DateAxisTest.java,0.19617225,840
\jfreechart-master\src/test/java/org/jfree/chart/axis/DateTickMarkPositionTest.java,0.6025641,31
\jfreechart-master\src/test/java/org/jfree/chart/axis/DateTickTest.java,0.40163934,73
\jfreechart-master\src/test/java/org/jfree/chart/axis/DateTickUnitTest.java,0.62666667,28
\jfreechart-master\src/test/java/org/jfree/chart/axis/ExtendedCategoryAxisTest.java,0.42335767,79
\jfreechart-master\src/test/java/org/jfree/chart/axis/LogarithmicAxisTest.java,0.39512196,124
\jfreechart-master\src/test/java/org/jfree/chart/axis/LogAxisTest.java,0.31225297,174
\jfreechart-master\src/test/java/org/jfree/chart/axis/MarkerAxisBandTest.java,0.47959185,51
\jfreechart-master\src/test/java/org/jfree/chart/axis/ModuloAxisTest.java,0.5555556,40
\jfreechart-master\src/test/java/org/jfree/chart/axis/MonthDateFormatTest.java,0.42635658,74
\jfreechart-master\src/test/java/org/jfree/chart/axis/NumberAxisTest.java,0.3837535,220
\jfreechart-master\src/test/java/org/jfree/chart/axis/NumberTickUnitTest.java,0.5494506,41
\jfreechart-master\src/test/java/org/jfree/chart/axis/PeriodAxisLabelInfoTest.java,0.31360948,116
\jfreechart-master\src/test/java/org/jfree/chart/axis/PeriodAxisTest.java,0.2913386,180
\jfreechart-master\src/test/java/org/jfree/chart/axis/QuarterDateFormatTest.java,0.44642857,62
\jfreechart-master\src/test/java/org/jfree/chart/axis/StandardTickUnitSourceTest.java,0.6984127,19
\jfreechart-master\src/test/java/org/jfree/chart/axis/SubCategoryAxisTest.java,0.42647058,78
\jfreechart-master\src/test/java/org/jfree/chart/axis/SymbolAxisTest.java,0.48453608,50
\jfreechart-master\src/test/java/org/jfree/chart/axis/TickUnitsTest.java,0.5875,33
\jfreechart-master\src/test/java/org/jfree/chart/axis/ValueAxisTest.java,0.34741783,139
\jfreechart-master\src/test/java/org/jfree/chart/BarChartTest.java,0.43636364,93
\jfreechart-master\src/test/java/org/jfree/chart/block/AbstractBlockTest.java,0.376,78
\jfreechart-master\src/test/java/org/jfree/chart/block/BlockBorderTest.java,0.5268817,44
\jfreechart-master\src/test/java/org/jfree/chart/block/BlockContainerTest.java,0.5529412,38
\jfreechart-master\src/test/java/org/jfree/chart/block/BorderArrangementTest.java,0.2658228,522
\jfreechart-master\src/test/java/org/jfree/chart/block/ColorBlockTest.java,0.4528302,58
\jfreechart-master\src/test/java/org/jfree/chart/block/ColumnArrangementTest.java,0.47,53
\jfreechart-master\src/test/java/org/jfree/chart/block/EmptyBlockTest.java,0.5280899,42
\jfreechart-master\src/test/java/org/jfree/chart/block/FlowArrangementTest.java,0.47,53
\jfreechart-master\src/test/java/org/jfree/chart/block/GridArrangementTest.java,0.3432836,176
\jfreechart-master\src/test/java/org/jfree/chart/block/LabelBlockTest.java,0.39166668,73
\jfreechart-master\src/test/java/org/jfree/chart/block/LineBorderTest.java,0.48453608,50
\jfreechart-master\src/test/java/org/jfree/chart/block/RectangleConstraintTest.java,0.42372882,68
\jfreechart-master\src/test/java/org/jfree/chart/ChartRenderingInfoTest.java,0.44444445,65
\jfreechart-master\src/test/java/org/jfree/chart/entity/CategoryItemEntityTest.java,0.4234234,64
\jfreechart-master\src/test/java/org/jfree/chart/entity/CategoryLabelEntityTest.java,0.48453608,50
\jfreechart-master\src/test/java/org/jfree/chart/entity/FlowEntityTest.java,0.5212766,45
\jfreechart-master\src/test/java/org/jfree/chart/entity/LegendItemEntityTest.java,0.47,53
\jfreechart-master\src/test/java/org/jfree/chart/entity/PieSectionEntityTest.java,0.41964287,65
\jfreechart-master\src/test/java/org/jfree/chart/entity/StandardEntityCollectionTest.java,0.48,52
\jfreechart-master\src/test/java/org/jfree/chart/entity/TickLabelEntityTest.java,0.51648355,44
\jfreechart-master\src/test/java/org/jfree/chart/entity/XYItemEntityTest.java,0.45192307,57
\jfreechart-master\src/test/java/org/jfree/chart/GanttChartTest.java,0.34962407,173
\jfreechart-master\src/test/java/org/jfree/chart/imagemap/DynamicDriveToolTipTagFragmentGeneratorTest.java,0.73770493,16
\jfreechart-master\src/test/java/org/jfree/chart/imagemap/ImageMapUtilsTest.java,0.44859812,59
\jfreechart-master\src/test/java/org/jfree/chart/imagemap/OverLIBToolTipTagFragmentGeneratorTest.java,0.73770493,16
\jfreechart-master\src/test/java/org/jfree/chart/imagemap/StandardToolTipTagFragmentGeneratorTest.java,0.7627119,14
\jfreechart-master\src/test/java/org/jfree/chart/imagemap/StandardURLTagFragmentGeneratorTest.java,0.75,15
\jfreechart-master\src/test/java/org/jfree/chart/internal/ArgsTest.java,0.7037037,16
\jfreechart-master\src/test/java/org/jfree/chart/internal/CloneUtilsTest.java,0.61538464,30
\jfreechart-master\src/test/java/org/jfree/chart/internal/HashUtilsTest.java,0.71929824,16
\jfreechart-master\src/test/java/org/jfree/chart/internal/LineUtilsTest.java,0.35,78
\jfreechart-master\src/test/java/org/jfree/chart/internal/SerialUtilsTest.java,0.34545454,72
\jfreechart-master\src/test/java/org/jfree/chart/internal/ShapeUtilsTest.java,0.45833334,65
\jfreechart-master\src/test/java/org/jfree/chart/JFreeChartTest.java,0.2787286,295
\jfreechart-master\src/test/java/org/jfree/chart/labels/BoxAndWhiskerToolTipGeneratorTest.java,0.5045045,55
\jfreechart-master\src/test/java/org/jfree/chart/labels/BoxAndWhiskerXYToolTipGeneratorTest.java,0.4351145,74
\jfreechart-master\src/test/java/org/jfree/chart/labels/BubbleXYItemLabelGeneratorTest.java,0.3554217,107
\jfreechart-master\src/test/java/org/jfree/chart/labels/CustomXYItemLabelGeneratorTest.java,0.55172414,39
\jfreechart-master\src/test/java/org/jfree/chart/labels/HighLowItemLabelGeneratorTest.java,0.48623854,56
\jfreechart-master\src/test/java/org/jfree/chart/labels/IntervalCategoryItemLabelGeneratorTest.java,0.45299146,64
\jfreechart-master\src/test/java/org/jfree/chart/labels/IntervalCategoryToolTipGeneratorTest.java,0.4274809,75
\jfreechart-master\src/test/java/org/jfree/chart/labels/ItemLabelAnchorTest.java,0.72131145,17
\jfreechart-master\src/test/java/org/jfree/chart/labels/ItemLabelPositionTest.java,0.73134327,18
\jfreechart-master\src/test/java/org/jfree/chart/labels/MultipleXYSeriesLabelGeneratorTest.java,0.48672566,58
\jfreechart-master\src/test/java/org/jfree/chart/labels/StandardCategoryItemLabelGeneratorTest.java,0.3821656,97
\jfreechart-master\src/test/java/org/jfree/chart/labels/StandardCategorySeriesLabelGeneratorTest.java,0.46280992,65
\jfreechart-master\src/test/java/org/jfree/chart/labels/StandardCategoryToolTipGeneratorTest.java,0.4117647,80
\jfreechart-master\src/test/java/org/jfree/chart/labels/StandardFlowLabelGeneratorTest.java,0.6875,20
\jfreechart-master\src/test/java/org/jfree/chart/labels/StandardPieSectionLabelGeneratorTest.java,0.38686132,84
\jfreechart-master\src/test/java/org/jfree/chart/labels/StandardPieToolTipGeneratorTest.java,0.4140625,75
\jfreechart-master\src/test/java/org/jfree/chart/labels/StandardXYItemLabelGeneratorTest.java,0.35625,103
\jfreechart-master\src/test/java/org/jfree/chart/labels/StandardXYSeriesLabelGeneratorTest.java,0.46666667,64
\jfreechart-master\src/test/java/org/jfree/chart/labels/StandardXYToolTipGeneratorTest.java,0.3941606,83
\jfreechart-master\src/test/java/org/jfree/chart/labels/StandardXYZToolTipGeneratorTest.java,0.3961039,93
\jfreechart-master\src/test/java/org/jfree/chart/labels/SymbolicXYItemLabelGeneratorTest.java,0.5520833,43
\jfreechart-master\src/test/java/org/jfree/chart/legend/LegendGraphicTest.java,0.35204083,127
\jfreechart-master\src/test/java/org/jfree/chart/legend/LegendTitleTest.java,0.37777779,84
\jfreechart-master\src/test/java/org/jfree/chart/legend/PaintScaleLegendTest.java,0.38961038,94
\jfreechart-master\src/test/java/org/jfree/chart/LegendItemCollectionTest.java,0.48623854,56
\jfreechart-master\src/test/java/org/jfree/chart/LegendItemTest.java,0.18412699,257
\jfreechart-master\src/test/java/org/jfree/chart/LineChartTest.java,0.45061728,89
\jfreechart-master\src/test/java/org/jfree/chart/MeterChartTest.java,0.68115944,22
\jfreechart-master\src/test/java/org/jfree/chart/PieChartTest.java,0.63461536,38
\jfreechart-master\src/test/java/org/jfree/chart/plot/CategoryMarkerTest.java,0.37356323,109
\jfreechart-master\src/test/java/org/jfree/chart/plot/CategoryPlotTest.java,0.19051878,905
\jfreechart-master\src/test/java/org/jfree/chart/plot/CombinedDomainCategoryPlotTest.java,0.33471075,161
\jfreechart-master\src/test/java/org/jfree/chart/plot/CombinedDomainXYPlotTest.java,0.34538153,163
\jfreechart-master\src/test/java/org/jfree/chart/plot/CombinedRangeCategoryPlotTest.java,0.33195022,161
\jfreechart-master\src/test/java/org/jfree/chart/plot/CombinedRangeXYPlotTest.java,0.34854773,157
\jfreechart-master\src/test/java/org/jfree/chart/plot/compass/ArrowNeedleTest.java,0.5949367,32
\jfreechart-master\src/test/java/org/jfree/chart/plot/compass/CompassPlotTest.java,0.446281,67
\jfreechart-master\src/test/java/org/jfree/chart/plot/compass/LineNeedleTest.java,0.62666667,28
\jfreechart-master\src/test/java/org/jfree/chart/plot/compass/LongNeedleTest.java,0.62666667,28
\jfreechart-master\src/test/java/org/jfree/chart/plot/compass/MeterNeedleTest.java,0.48235294,44
\jfreechart-master\src/test/java/org/jfree/chart/plot/compass/MiddlePinNeedleTest.java,0.62666667,28
\jfreechart-master\src/test/java/org/jfree/chart/plot/compass/PinNeedleTest.java,0.62666667,28
\jfreechart-master\src/test/java/org/jfree/chart/plot/compass/PlumNeedleTest.java,0.62666667,28
\jfreechart-master\src/test/java/org/jfree/chart/plot/compass/PointerNeedleTest.java,0.62666667,28
\jfreechart-master\src/test/java/org/jfree/chart/plot/compass/ShipNeedleTest.java,0.62666667,28
\jfreechart-master\src/test/java/org/jfree/chart/plot/compass/WindNeedleTest.java,0.62666667,28
\jfreechart-master\src/test/java/org/jfree/chart/plot/CrosshairTest.java,0.32317072,111
\jfreechart-master\src/test/java/org/jfree/chart/plot/DefaultDrawingSupplierTest.java,0.34319526,111
\jfreechart-master\src/test/java/org/jfree/chart/plot/dial/AbstractDialLayerTest.java,0.5714286,39
\jfreechart-master\src/test/java/org/jfree/chart/plot/dial/ArcDialFrameTest.java,0.42753622,79
\jfreechart-master\src/test/java/org/jfree/chart/plot/dial/DialBackgroundTest.java,0.4402985,75
\jfreechart-master\src/test/java/org/jfree/chart/plot/dial/DialCapTest.java,0.41666666,84
\jfreechart-master\src/test/java/org/jfree/chart/plot/dial/DialPlotTest.java,0.30645162,172
\jfreechart-master\src/test/java/org/jfree/chart/plot/dial/DialPointerTest.java,0.4256757,85
\jfreechart-master\src/test/java/org/jfree/chart/plot/dial/DialTextAnnotationTest.java,0.45112783,73
\jfreechart-master\src/test/java/org/jfree/chart/plot/dial/DialValueIndicatorTest.java,0.3806818,109
\jfreechart-master\src/test/java/org/jfree/chart/plot/dial/MyDialLayerChangeListener.java,0.86206895,8
\jfreechart-master\src/test/java/org/jfree/chart/plot/dial/StandardDialFrameTest.java,0.45528457,67
\jfreechart-master\src/test/java/org/jfree/chart/plot/dial/StandardDialRangeTest.java,0.47826087,60
\jfreechart-master\src/test/java/org/jfree/chart/plot/dial/StandardDialScaleTest.java,0.32900432,155
\jfreechart-master\src/test/java/org/jfree/chart/plot/FastScatterPlotTest.java,0.335,133
\jfreechart-master\src/test/java/org/jfree/chart/plot/flow/FlowPlotTest.java,0.25619835,180
\jfreechart-master\src/test/java/org/jfree/chart/plot/IntervalMarkerTest.java,0.4427481,73
\jfreechart-master\src/test/java/org/jfree/chart/plot/MarkerTest.java,0.33333334,244
\jfreechart-master\src/test/java/org/jfree/chart/plot/MeterIntervalTest.java,0.5222222,43
\jfreechart-master\src/test/java/org/jfree/chart/plot/MeterPlotTest.java,0.33640552,144
\jfreechart-master\src/test/java/org/jfree/chart/plot/MyPlotChangeListener.java,0.75949365,19
\jfreechart-master\src/test/java/org/jfree/chart/plot/pie/MultiplePiePlotTest.java,0.36416185,110
\jfreechart-master\src/test/java/org/jfree/chart/plot/pie/PieLabelRecordTest.java,0.44761905,58
\jfreechart-master\src/test/java/org/jfree/chart/plot/pie/PiePlotTest.java,0.21775544,467
\jfreechart-master\src/test/java/org/jfree/chart/plot/PlotOrientationTest.java,0.6865672,21
\jfreechart-master\src/test/java/org/jfree/chart/plot/PlotRenderingInfoTest.java,0.46153846,56
\jfreechart-master\src/test/java/org/jfree/chart/plot/PlotTest.java,0.4,90
\jfreechart-master\src/test/java/org/jfree/chart/plot/PolarPlotTest.java,0.17460318,260
\jfreechart-master\src/test/java/org/jfree/chart/plot/RingPlotTest.java,0.37857142,87
\jfreechart-master\src/test/java/org/jfree/chart/plot/SpiderWebPlotTest.java,0.2779661,213
\jfreechart-master\src/test/java/org/jfree/chart/plot/ThermometerPlotTest.java,0.3508772,111
\jfreechart-master\src/test/java/org/jfree/chart/plot/ValueMarkerTest.java,0.3034826,140
\jfreechart-master\src/test/java/org/jfree/chart/plot/XYPlotTest.java,0.20607029,994
\jfreechart-master\src/test/java/org/jfree/chart/renderer/AbstractRendererTest.java,0.2,552
\jfreechart-master\src/test/java/org/jfree/chart/renderer/AreaRendererEndTypeTest.java,0.6769231,21
\jfreechart-master\src/test/java/org/jfree/chart/renderer/category/AbstractCategoryItemRendererTest.java,0.29152542,209
\jfreechart-master\src/test/java/org/jfree/chart/renderer/category/AreaRendererTest.java,0.46376812,74
\jfreechart-master\src/test/java/org/jfree/chart/renderer/category/BarRendererTest.java,0.34848484,172
\jfreechart-master\src/test/java/org/jfree/chart/renderer/category/BoxAndWhiskerRendererTest.java,0.3785425,307
\jfreechart-master\src/test/java/org/jfree/chart/renderer/category/CategoryStepRendererTest.java,0.5294118,56
\jfreechart-master\src/test/java/org/jfree/chart/renderer/category/DefaultCategoryItemRendererTest.java,0.5463917,44
\jfreechart-master\src/test/java/org/jfree/chart/renderer/category/GanttRendererTest.java,0.44166666,67
\jfreechart-master\src/test/java/org/jfree/chart/renderer/category/GradientBarPainterTest.java,0.52577317,46
\jfreechart-master\src/test/java/org/jfree/chart/renderer/category/GroupedStackedBarRendererTest.java,0.43037975,90
\jfreechart-master\src/test/java/org/jfree/chart/renderer/category/IntervalBarRendererTest.java,0.46103895,83
\jfreechart-master\src/test/java/org/jfree/chart/renderer/category/LayeredBarRendererTest.java,0.5,68
\jfreechart-master\src/test/java/org/jfree/chart/renderer/category/LevelRendererTest.java,0.44198895,101
\jfreechart-master\src/test/java/org/jfree/chart/renderer/category/LineAndShapeRendererTest.java,0.292,177
\jfreechart-master\src/test/java/org/jfree/chart/renderer/category/MinMaxCategoryRendererTest.java,0.471831,75
\jfreechart-master\src/test/java/org/jfree/chart/renderer/category/ScatterRendererTest.java,0.3715847,115
\jfreechart-master\src/test/java/org/jfree/chart/renderer/category/StackedAreaRendererTest.java,0.45967743,67
\jfreechart-master\src/test/java/org/jfree/chart/renderer/category/StackedBarRendererTest.java,0.456,68
\jfreechart-master\src/test/java/org/jfree/chart/renderer/category/StandardBarPainterTest.java,0.5862069,36
\jfreechart-master\src/test/java/org/jfree/chart/renderer/category/StatisticalBarRendererTest.java,0.46124032,139
\jfreechart-master\src/test/java/org/jfree/chart/renderer/category/StatisticalLineAndShapeRendererTest.java,0.42045453,102
\jfreechart-master\src/test/java/org/jfree/chart/renderer/category/WaterfallBarRendererTest.java,0.5813953,72
\jfreechart-master\src/test/java/org/jfree/chart/renderer/DefaultPolarItemRendererTest.java,0.5319149,44
\jfreechart-master\src/test/java/org/jfree/chart/renderer/GrayPaintScaleTest.java,0.46218488,64
\jfreechart-master\src/test/java/org/jfree/chart/renderer/LookupPaintScaleTest.java,0.3493976,108
\jfreechart-master\src/test/java/org/jfree/chart/renderer/OutlierTest.java,0.5510204,44
\jfreechart-master\src/test/java/org/jfree/chart/renderer/RendererChangeDetector.java,0.7710843,19
\jfreechart-master\src/test/java/org/jfree/chart/renderer/RendererUtilsTest.java,0.31671554,233
\jfreechart-master\src/test/java/org/jfree/chart/renderer/xy/AbstractXYItemRendererTest.java,0.4025157,95
\jfreechart-master\src/test/java/org/jfree/chart/renderer/xy/CandlestickRendererTest.java,0.35897437,125
\jfreechart-master\src/test/java/org/jfree/chart/renderer/xy/ClusteredXYBarRendererTest.java,0.4117647,90
\jfreechart-master\src/test/java/org/jfree/chart/renderer/xy/DeviationRendererTest.java,0.54,46
\jfreechart-master\src/test/java/org/jfree/chart/renderer/xy/DeviationStepRendererTest.java,0.54,46
\jfreechart-master\src/test/java/org/jfree/chart/renderer/xy/GradientXYBarPainterTest.java,0.52577317,46
\jfreechart-master\src/test/java/org/jfree/chart/renderer/xy/HighLowRendererTest.java,0.40127388,94
\jfreechart-master\src/test/java/org/jfree/chart/renderer/xy/RendererXYPackageUtils.java,0.61728394,31
\jfreechart-master\src/test/java/org/jfree/chart/renderer/xy/StackedXYAreaRenderer2Test.java,0.39240506,96
\jfreechart-master\src/test/java/org/jfree/chart/renderer/xy/StackedXYAreaRendererTest.java,0.3880597,123
\jfreechart-master\src/test/java/org/jfree/chart/renderer/xy/StackedXYBarRendererTest.java,0.3961039,93
\jfreechart-master\src/test/java/org/jfree/chart/renderer/xy/StandardXYBarPainterTest.java,0.5862069,36
\jfreechart-master\src/test/java/org/jfree/chart/renderer/xy/StandardXYItemRendererTest.java,0.2857143,160
\jfreechart-master\src/test/java/org/jfree/chart/renderer/xy/VectorRendererTest.java,0.5392157,47
\jfreechart-master\src/test/java/org/jfree/chart/renderer/xy/WindItemRendererTest.java,0.5638298,41
\jfreechart-master\src/test/java/org/jfree/chart/renderer/xy/XYAreaRenderer2Test.java,0.424581,103
\jfreechart-master\src/test/java/org/jfree/chart/renderer/xy/XYAreaRendererTest.java,0.31944445,147
\jfreechart-master\src/test/java/org/jfree/chart/renderer/xy/XYBarRendererTest.java,0.28037384,231
\jfreechart-master\src/test/java/org/jfree/chart/renderer/xy/XYBlockRendererTest.java,0.38709676,114
\jfreechart-master\src/test/java/org/jfree/chart/renderer/xy/XYBoxAndWhiskerRendererTest.java,0.38666666,92
\jfreechart-master\src/test/java/org/jfree/chart/renderer/xy/XYBubbleRendererTest.java,0.3877551,90
\jfreechart-master\src/test/java/org/jfree/chart/renderer/xy/XYDifferenceRendererTest.java,0.3611111,115
\jfreechart-master\src/test/java/org/jfree/chart/renderer/xy/XYDotRendererTest.java,0.41830066,89
\jfreechart-master\src/test/java/org/jfree/chart/renderer/xy/XYErrorRendererTest.java,0.41916168,97
\jfreechart-master\src/test/java/org/jfree/chart/renderer/xy/XYLineAndShapeRendererTest.java,0.2519084,196
\jfreechart-master\src/test/java/org/jfree/chart/renderer/xy/XYShapeRendererTest.java,0.35220125,103
\jfreechart-master\src/test/java/org/jfree/chart/renderer/xy/XYSplineRendererTest.java,0.44537815,66
\jfreechart-master\src/test/java/org/jfree/chart/renderer/xy/XYStepAreaRendererTest.java,0.42675158,90
\jfreechart-master\src/test/java/org/jfree/chart/renderer/xy/XYStepRendererTest.java,0.44252872,97
\jfreechart-master\src/test/java/org/jfree/chart/renderer/xy/YIntervalRendererTest.java,0.31132075,146
\jfreechart-master\src/test/java/org/jfree/chart/ScatterPlotTest.java,0.4509804,84
\jfreechart-master\src/test/java/org/jfree/chart/StackedAreaChartTest.java,0.4409938,90
\jfreechart-master\src/test/java/org/jfree/chart/StackedBarChartTest.java,0.43558282,92
\jfreechart-master\src/test/java/org/jfree/chart/StandardChartThemeTest.java,0.3220339,160
\jfreechart-master\src/test/java/org/jfree/chart/swing/ChartPanelTest.java,0.34545454,216
\jfreechart-master\src/test/java/org/jfree/chart/swing/CrosshairOverlayTest.java,0.54022986,40
\jfreechart-master\src/test/java/org/jfree/chart/TestUtils.java,0.40350878,102
\jfreechart-master\src/test/java/org/jfree/chart/text/format/HMSNumberFormatTest.java,0.7169811,15
\jfreechart-master\src/test/java/org/jfree/chart/text/format/LogFormatTest.java,0.4854369,53
\jfreechart-master\src/test/java/org/jfree/chart/text/format/RelativeDateFormatTest.java,0.33507854,127
\jfreechart-master\src/test/java/org/jfree/chart/TimeSeriesChartTest.java,0.4509804,84
\jfreechart-master\src/test/java/org/jfree/chart/title/CompositeTitleTest.java,0.40714285,83
\jfreechart-master\src/test/java/org/jfree/chart/title/DateTitleTest.java,0.47619048,55
\jfreechart-master\src/test/java/org/jfree/chart/title/ImageTitleTest.java,0.94957983,6
\jfreechart-master\src/test/java/org/jfree/chart/title/ShortTextTitleTest.java,0.5555556,40
\jfreechart-master\src/test/java/org/jfree/chart/title/TextTitleTest.java,0.40875912,81
\jfreechart-master\src/test/java/org/jfree/chart/title/TitleTest.java,0.53571427,39
\jfreechart-master\src/test/java/org/jfree/chart/urls/CustomCategoryURLGeneratorTest.java,0.4125874,84
\jfreechart-master\src/test/java/org/jfree/chart/urls/CustomPieURLGeneratorTest.java,0.5048544,51
\jfreechart-master\src/test/java/org/jfree/chart/urls/CustomXYURLGeneratorTest.java,0.4125874,84
\jfreechart-master\src/test/java/org/jfree/chart/urls/StandardCategoryURLGeneratorTest.java,0.4811321,55
\jfreechart-master\src/test/java/org/jfree/chart/urls/StandardPieURLGeneratorTest.java,0.46363637,59
\jfreechart-master\src/test/java/org/jfree/chart/urls/StandardXYURLGeneratorTest.java,0.703125,19
\jfreechart-master\src/test/java/org/jfree/chart/urls/TimeSeriesURLGeneratorTest.java,0.43965518,65
\jfreechart-master\src/test/java/org/jfree/chart/WaterfallChartTest.java,0.472,66
\jfreechart-master\src/test/java/org/jfree/chart/XYAreaChartTest.java,0.45394737,83
\jfreechart-master\src/test/java/org/jfree/chart/XYBarChartTest.java,0.44230768,87
\jfreechart-master\src/test/java/org/jfree/chart/XYLineChartTest.java,0.4509804,84
\jfreechart-master\src/test/java/org/jfree/chart/XYStepAreaChartTest.java,0.45394737,83
\jfreechart-master\src/test/java/org/jfree/chart/XYStepChartTest.java,0.43292683,93
\jfreechart-master\src/test/java/org/jfree/data/category/CategoryToPieDatasetTest.java,0.5714286,84
\jfreechart-master\src/test/java/org/jfree/data/category/DefaultCategoryDatasetTest.java,0.2835821,240
\jfreechart-master\src/test/java/org/jfree/data/category/DefaultIntervalCategoryDatasetTest.java,0.27272728,304
\jfreechart-master\src/test/java/org/jfree/data/category/SlidingCategoryDatasetTest.java,0.28333333,172
\jfreechart-master\src/test/java/org/jfree/data/ComparableObjectItemTest.java,0.53846157,54
\jfreechart-master\src/test/java/org/jfree/data/ComparableObjectSeriesTest.java,0.4347826,104
\jfreechart-master\src/test/java/org/jfree/data/DatasetChangeConfirmation.java,0.7916667,10
\jfreechart-master\src/test/java/org/jfree/data/DataUtilsTest.java,0.2769953,154
\jfreechart-master\src/test/java/org/jfree/data/DefaultKeyedValues2DTest.java,0.2881356,210
\jfreechart-master\src/test/java/org/jfree/data/DefaultKeyedValuesTest.java,0.36682242,271
\jfreechart-master\src/test/java/org/jfree/data/DefaultKeyedValueTest.java,0.4871795,60
\jfreechart-master\src/test/java/org/jfree/data/DomainOrderTest.java,0.56626505,36
\jfreechart-master\src/test/java/org/jfree/data/flow/DefaultFlowDatasetTest.java,0.5086207,57
\jfreechart-master\src/test/java/org/jfree/data/flow/FlowKeyTest.java,0.5731707,35
\jfreechart-master\src/test/java/org/jfree/data/flow/NodeKeyTest.java,0.5833333,35
\jfreechart-master\src/test/java/org/jfree/data/function/LineFunction2DTest.java,0.5862069,36
\jfreechart-master\src/test/java/org/jfree/data/function/NormalDistributionFunction2DTest.java,0.5483871,42
\jfreechart-master\src/test/java/org/jfree/data/function/PolynomialFunction2DTest.java,0.48360655,63
\jfreechart-master\src/test/java/org/jfree/data/function/PowerFunction2DTest.java,0.59302324,35
\jfreechart-master\src/test/java/org/jfree/data/gantt/SlidingGanttCategoryDatasetTest.java,0.325,108
\jfreechart-master\src/test/java/org/jfree/data/gantt/TaskSeriesCollectionTest.java,0.2770035,415
\jfreechart-master\src/test/java/org/jfree/data/gantt/TaskSeriesTest.java,0.4722222,57
\jfreechart-master\src/test/java/org/jfree/data/gantt/TaskTest.java,0.45454547,60
\jfreechart-master\src/test/java/org/jfree/data/gantt/XYTaskDatasetTest.java,0.40495867,72
\jfreechart-master\src/test/java/org/jfree/data/general/DatasetUtilsTest.java,0.2207308,1045
\jfreechart-master\src/test/java/org/jfree/data/general/DefaultHeatMapDatasetTest.java,0.34545454,108
\jfreechart-master\src/test/java/org/jfree/data/general/DefaultKeyedValueDatasetTest.java,0.53608245,45
\jfreechart-master\src/test/java/org/jfree/data/general/DefaultKeyedValues2DDatasetTest.java,0.6216216,28
\jfreechart-master\src/test/java/org/jfree/data/general/DefaultKeyedValuesDatasetTest.java,0.6164383,28
\jfreechart-master\src/test/java/org/jfree/data/general/DefaultPieDatasetTest.java,0.3962264,96
\jfreechart-master\src/test/java/org/jfree/data/general/IntervalDataItem.java,0.66101694,20
\jfreechart-master\src/test/java/org/jfree/data/general/TestIntervalCategoryDataset.java,0.5552995,193
\jfreechart-master\src/test/java/org/jfree/data/general/TestIntervalXYZDataset.java,0.34586465,87
\jfreechart-master\src/test/java/org/jfree/data/KeyedObjects2DTest.java,0.24425288,263
\jfreechart-master\src/test/java/org/jfree/data/KeyedObjectsTest.java,0.28753993,223
\jfreechart-master\src/test/java/org/jfree/data/KeyedObjectTest.java,0.5046729,53
\jfreechart-master\src/test/java/org/jfree/data/KeyToGroupMapTest.java,0.41232228,124
\jfreechart-master\src/test/java/org/jfree/data/RangeTest.java,0.29,213
\jfreechart-master\src/test/java/org/jfree/data/RangeTypeTest.java,0.56626505,36
\jfreechart-master\src/test/java/org/jfree/data/statistics/BoxAndWhiskerCalculatorTest.java,0.36734694,93
\jfreechart-master\src/test/java/org/jfree/data/statistics/BoxAndWhiskerItemTest.java,0.64705884,24
\jfreechart-master\src/test/java/org/jfree/data/statistics/DefaultBoxAndWhiskerCategoryDatasetTest.java,0.2892562,172
\jfreechart-master\src/test/java/org/jfree/data/statistics/DefaultBoxAndWhiskerXYDatasetTest.java,0.37820512,97
\jfreechart-master\src/test/java/org/jfree/data/statistics/DefaultMultiValueCategoryDatasetTest.java,0.33027524,146
\jfreechart-master\src/test/java/org/jfree/data/statistics/DefaultStatisticalCategoryDatasetTest.java,0.33193278,159
\jfreechart-master\src/test/java/org/jfree/data/statistics/HistogramBinTest.java,0.5875,33
\jfreechart-master\src/test/java/org/jfree/data/statistics/HistogramDatasetTest.java,0.36199096,141
\jfreechart-master\src/test/java/org/jfree/data/statistics/MeanAndStandardDeviationTest.java,0.5949367,32
\jfreechart-master\src/test/java/org/jfree/data/statistics/RegressionTest.java,0.37089202,134
\jfreechart-master\src/test/java/org/jfree/data/statistics/SimpleHistogramBinTest.java,0.37762237,89
\jfreechart-master\src/test/java/org/jfree/data/statistics/SimpleHistogramDatasetTest.java,0.5,54
\jfreechart-master\src/test/java/org/jfree/data/statistics/StatisticsTest.java,0.25440806,296
\jfreechart-master\src/test/java/org/jfree/data/time/DateRangeTest.java,0.5425532,43
\jfreechart-master\src/test/java/org/jfree/data/time/DayTest.java,0.29411766,360
\jfreechart-master\src/test/java/org/jfree/data/time/FixedMillisecondTest.java,0.5862069,36
\jfreechart-master\src/test/java/org/jfree/data/time/HourTest.java,0.29157668,328
\jfreechart-master\src/test/java/org/jfree/data/time/MillisecondTest.java,0.26855895,335
\jfreechart-master\src/test/java/org/jfree/data/time/MinuteTest.java,0.2739726,318
\jfreechart-master\src/test/java/org/jfree/data/time/MonthTest.java,0.28761905,374
\jfreechart-master\src/test/java/org/jfree/data/time/MovingAverageTest.java,0.53932583,41
\jfreechart-master\src/test/java/org/jfree/data/time/ohlc/OHLCItemTest.java,0.46031746,68
\jfreechart-master\src/test/java/org/jfree/data/time/ohlc/OHLCSeriesCollectionTest.java,0.3906977,131
\jfreechart-master\src/test/java/org/jfree/data/time/ohlc/OHLCSeriesTest.java,0.3539823,146
\jfreechart-master\src/test/java/org/jfree/data/time/ohlc/OHLCTest.java,0.5102041,48
\jfreechart-master\src/test/java/org/jfree/data/time/QuarterTest.java,0.31318682,375
\jfreechart-master\src/test/java/org/jfree/data/time/SecondTest.java,0.26976743,314
\jfreechart-master\src/test/java/org/jfree/data/time/SimpleTimePeriodTest.java,0.39102563,95
\jfreechart-master\src/test/java/org/jfree/data/time/TimePeriodAnchorTest.java,0.7096774,18
\jfreechart-master\src/test/java/org/jfree/data/time/TimePeriodValuesCollectionTest.java,0.3806818,109
\jfreechart-master\src/test/java/org/jfree/data/time/TimePeriodValuesTest.java,0.35580525,172
\jfreechart-master\src/test/java/org/jfree/data/time/TimePeriodValueTest.java,0.5802469,34
\jfreechart-master\src/test/java/org/jfree/data/time/TimeSeriesCollectionTest.java,0.2682927,300
\jfreechart-master\src/test/java/org/jfree/data/time/TimeSeriesDataItemTest.java,0.62352943,32
\jfreechart-master\src/test/java/org/jfree/data/time/TimeSeriesTest.java,0.27363184,730
\jfreechart-master\src/test/java/org/jfree/data/time/TimeTableXYDatasetTest.java,0.4055944,85
\jfreechart-master\src/test/java/org/jfree/data/time/WeekTest.java,0.2801252,460
\jfreechart-master\src/test/java/org/jfree/data/time/YearTest.java,0.29462364,328
\jfreechart-master\src/test/java/org/jfree/data/xy/CategoryTableXYDatasetTest.java,0.37654322,101
\jfreechart-master\src/test/java/org/jfree/data/xy/DefaultHighLowDatasetTest.java,0.310559,111
\jfreechart-master\src/test/java/org/jfree/data/xy/DefaultIntervalXYDatasetTest.java,0.3553459,205
\jfreechart-master\src/test/java/org/jfree/data/xy/DefaultOHLCDatasetTest.java,0.42222223,78
\jfreechart-master\src/test/java/org/jfree/data/xy/DefaultTableXYDatasetTest.java,0.3508772,111
\jfreechart-master\src/test/java/org/jfree/data/xy/DefaultWindDatasetTest.java,0.5329341,78
\jfreechart-master\src/test/java/org/jfree/data/xy/DefaultXYDatasetTest.java,0.43589744,110
\jfreechart-master\src/test/java/org/jfree/data/xy/DefaultXYZDatasetTest.java,0.42288557,116
\jfreechart-master\src/test/java/org/jfree/data/xy/IntervalXYDelegateTest.java,0.4563107,56
\jfreechart-master\src/test/java/org/jfree/data/xy/MatrixSeriesCollectionTest.java,0.49514562,52
\jfreechart-master\src/test/java/org/jfree/data/xy/MatrixSeriesTest.java,0.3888889,88
\jfreechart-master\src/test/java/org/jfree/data/xy/OHLCDataItemTest.java,0.6351351,27
\jfreechart-master\src/test/java/org/jfree/data/xy/TableXYDatasetTest.java,0.40851063,139
\jfreechart-master\src/test/java/org/jfree/data/xy/VectorDataItemTest.java,0.4903846,53
\jfreechart-master\src/test/java/org/jfree/data/xy/VectorSeriesCollectionTest.java,0.4117647,80
\jfreechart-master\src/test/java/org/jfree/data/xy/VectorSeriesTest.java,0.3495935,160
\jfreechart-master\src/test/java/org/jfree/data/xy/VectorTest.java,0.5543478,41
\jfreechart-master\src/test/java/org/jfree/data/xy/XIntervalDataItemTest.java,0.5046729,53
\jfreechart-master\src/test/java/org/jfree/data/xy/XIntervalSeriesCollectionTest.java,0.4390244,92
\jfreechart-master\src/test/java/org/jfree/data/xy/XIntervalSeriesTest.java,0.3409091,174
\jfreechart-master\src/test/java/org/jfree/data/xy/XYBarDatasetTest.java,0.44915253,65
\jfreechart-master\src/test/java/org/jfree/data/xy/XYCoordinateTest.java,0.5543478,41
\jfreechart-master\src/test/java/org/jfree/data/xy/XYDataItemTest.java,0.5949367,32
\jfreechart-master\src/test/java/org/jfree/data/xy/XYIntervalDataItemTest.java,0.4516129,68
\jfreechart-master\src/test/java/org/jfree/data/xy/XYIntervalSeriesCollectionTest.java,0.44936708,87
\jfreechart-master\src/test/java/org/jfree/data/xy/XYIntervalSeriesTest.java,0.33984375,169
\jfreechart-master\src/test/java/org/jfree/data/xy/XYIntervalTest.java,0.5222222,43
\jfreechart-master\src/test/java/org/jfree/data/xy/XYSeriesCollectionTest.java,0.26442307,306
\jfreechart-master\src/test/java/org/jfree/data/xy/XYSeriesTest.java,0.23809524,512
\jfreechart-master\src/test/java/org/jfree/data/xy/YIntervalDataItemTest.java,0.52678573,53
\jfreechart-master\src/test/java/org/jfree/data/xy/YIntervalSeriesCollectionTest.java,0.46,81
\jfreechart-master\src/test/java/org/jfree/data/xy/YIntervalSeriesTest.java,0.34710744,158
\jfreechart-master\src/test/java/org/jfree/data/xy/YIntervalTest.java,0.5731707,35
\jfreechart-master\src/test/java/org/jfree/data/xy/YWithXIntervalTest.java,0.5731707,35
